{"nm":"10- Business Salesman","ddd":0,"h":1200,"w":1200,"meta":{"g":"LottieFiles AE 1.0.0","tc":"#ffffff"},"layers":[{"ty":0,"nm":"Human Scene - 10","sr":1,"st":0,"op":180,"ip":0,"hd":false,"ddd":0,"bm":0,"hasMask":false,"ao":0,"ks":{"a":{"a":0,"k":[600,600,0],"ix":1},"s":{"a":0,"k":[100,100,100],"ix":6},"sk":{"a":0,"k":0},"p":{"a":0,"k":[600,600,0],"ix":2},"r":{"a":0,"k":0,"ix":10},"sa":{"a":0,"k":0},"o":{"a":0,"k":100,"ix":11}},"ef":[],"w":1200,"h":1200,"refId":"comp_0","ind":1},{"ty":0,"nm":"Background - 10","sr":1,"st":0,"op":180,"ip":0,"hd":false,"ddd":0,"bm":0,"hasMask":false,"ao":0,"ks":{"a":{"a":0,"k":[600,600,0],"ix":1},"s":{"a":0,"k":[100,100,100],"ix":6},"sk":{"a":0,"k":0},"p":{"a":0,"k":[600,600,0],"ix":2},"r":{"a":0,"k":0,"ix":10},"sa":{"a":0,"k":0},"o":{"a":0,"k":100,"ix":11}},"ef":[],"w":1200,"h":1200,"refId":"comp_1","ind":2}],"v":"4.8.0","fr":30,"op":180,"ip":0,"assets":[{"nm":"","id":"comp_0","layers":[{"ty":4,"nm":"arm L","sr":1,"st":0,"op":180,"ip":0,"hd":false,"ddd":0,"bm":0,"hasMask":false,"ao":0,"ks":{"a":{"a":0,"k":[644.622,419.719,0],"ix":1},"s":{"a":0,"k":[100,100,100],"ix":6},"sk":{"a":0,"k":0},"p":{"a":0,"k":[644.622,419.719,0],"ix":2},"r":{"a":1,"k":[{"o":{"x":0.333,"y":0},"i":{"x":0.667,"y":1},"s":[3],"t":0},{"o":{"x":0.167,"y":0},"i":{"x":0.667,"y":1},"s":[-14],"t":90},{"s":[3],"t":179}],"ix":10},"sa":{"a":0,"k":0},"o":{"a":0,"k":100,"ix":11}},"ef":[],"shapes":[{"ty":"gr","bm":0,"hd":false,"mn":"ADBE Vector Group","nm":"Group 1","ix":1,"cix":2,"np":2,"it":[{"ty":"sh","bm":0,"hd":false,"mn":"ADBE Vector Shape - Group","nm":"Path 1","ix":1,"d":1,"ks":{"a":1,"k":[{"o":{"x":0.167,"y":0},"i":{"x":0.667,"y":1},"s":[{"c":true,"i":[[0,0],[50.18,-21.224],[-32.09,35.287],[-4.579,9.441]],"o":[[0,0],[14.726,-8.404],[17.841,-19.618],[4.003,7.95]],"v":[[43,-36.845],[-48.211,49.56],[5.18,-9.85],[44.207,-49.56]]}],"t":0},{"o":{"x":0.333,"y":0},"i":{"x":0.833,"y":1},"s":[{"c":true,"i":[[0,0],[50.18,-21.224],[-32.545,32.351],[-4.579,9.441]],"o":[[0,0],[14.726,-8.404],[19.677,-19.563],[4.003,7.95]],"v":[[43,-36.845],[-50.761,43.255],[10.357,-6.617],[44.207,-49.56]]}],"t":90},{"s":[{"c":true,"i":[[0,0],[50.18,-21.224],[-32.09,35.287],[-4.579,9.441]],"o":[[0,0],[14.726,-8.404],[17.841,-19.618],[4.003,7.95]],"v":[[43,-36.845],[-48.211,49.56],[5.18,-9.85],[44.207,-49.56]]}],"t":179}],"ix":2}},{"ty":"fl","bm":0,"hd":false,"mn":"ADBE Vector Graphic - Fill","nm":"Fill 1","c":{"a":0,"k":[1,0.8824,0],"ix":4},"r":1,"o":{"a":0,"k":100,"ix":5}},{"ty":"tr","a":{"a":0,"k":[0,0],"ix":1},"s":{"a":0,"k":[100,100],"ix":3},"sk":{"a":0,"k":0,"ix":4},"p":{"a":0,"k":[821.649,456.759],"ix":2},"r":{"a":0,"k":0,"ix":6},"sa":{"a":0,"k":0,"ix":5},"o":{"a":0,"k":100,"ix":7}}]},{"ty":"gr","bm":0,"hd":false,"mn":"ADBE Vector Group","nm":"Group 2","ix":2,"cix":2,"np":2,"it":[{"ty":"sh","bm":0,"hd":false,"mn":"ADBE Vector Shape - Group","nm":"Path 1","ix":1,"d":1,"ks":{"a":1,"k":[{"o":{"x":0.333,"y":0},"i":{"x":0.667,"y":1},"s":[{"c":true,"i":[[0,0],[50.18,-21.224],[10.22,0],[0,0],[0,0],[-41.205,-17.333],[-22.428,14.773],[-2.82,-5.6]],"o":[[0,0],[-9.765,4.125],[-62.757,0],[0,0],[0,0],[38.739,16.296],[16.978,8.201],[4.003,7.95]],"v":[[106.781,-29.649],[15.571,56.756],[-14.519,63.345],[-90.919,40.047],[-111.506,-29.122],[-39.44,-7.697],[82.655,-61.688],[107.989,-42.363]]}],"t":0},{"o":{"x":0.333,"y":0},"i":{"x":0.667,"y":1},"s":[{"c":true,"i":[[0,0],[50.18,-21.224],[10.22,0],[0,0],[0,0],[-40.653,-18.59],[-15.997,15.989],[-2.82,-5.6]],"o":[[0,0],[-9.765,4.125],[-62.757,0],[0,0],[0,0],[40.586,18.559],[16.978,8.201],[4.003,7.95]],"v":[[106.781,-29.649],[13.02,50.451],[-17.07,57.04],[-105.137,45.799],[-111.69,-30.059],[-42.426,-7.97],[80.816,-63.345],[107.989,-42.363]]}],"t":90},{"s":[{"c":true,"i":[[0,0],[50.18,-21.224],[10.22,0],[0,0],[0,0],[-41.205,-17.333],[-22.428,14.773],[-2.82,-5.6]],"o":[[0,0],[-9.765,4.125],[-62.757,0],[0,0],[0,0],[38.739,16.296],[16.978,8.201],[4.003,7.95]],"v":[[106.781,-29.649],[15.571,56.756],[-14.519,63.345],[-90.919,40.047],[-111.506,-29.122],[-39.44,-7.697],[82.655,-61.689],[107.989,-42.363]]}],"t":179}],"ix":2}},{"ty":"fl","bm":0,"hd":false,"mn":"ADBE Vector Graphic - Fill","nm":"Fill 1","c":{"a":0,"k":[1,0.8706,0.4392],"ix":4},"r":1,"o":{"a":0,"k":100,"ix":5}},{"ty":"tr","a":{"a":0,"k":[0,0],"ix":1},"s":{"a":0,"k":[100,100],"ix":3},"sk":{"a":0,"k":0,"ix":4},"p":{"a":0,"k":[757.867,449.563],"ix":2},"r":{"a":0,"k":0,"ix":6},"sa":{"a":0,"k":0,"ix":5},"o":{"a":0,"k":100,"ix":7}}]},{"ty":"gr","bm":0,"hd":false,"mn":"ADBE Vector Group","nm":"Group 3","ix":3,"cix":2,"np":2,"it":[{"ty":"sh","bm":0,"hd":false,"mn":"ADBE Vector Shape - Group","nm":"Path 1","ix":1,"d":1,"ks":{"a":1,"k":[{"o":{"x":0.333,"y":0},"i":{"x":0.667,"y":1},"s":[{"c":true,"i":[[-6.442,-18.542],[0,0],[0,0]],"o":[[-22.188,-5.008],[0,0],[9.838,21.516]],"v":[[32.258,27.024],[-22.152,-18.249],[5.937,-31.62]]}],"t":0},{"o":{"x":0.333,"y":0},"i":{"x":0.667,"y":1},"s":[{"c":true,"i":[[-1.286,-17.476],[0,0],[0,0]],"o":[[-18.623,-10.977],[0,0],[6.339,27.307]],"v":[[-6.913,33.624],[-43.657,-18.847],[-16.604,-18.373]]}],"t":90},{"s":[{"c":true,"i":[[-6.442,-18.542],[0,0],[0,0]],"o":[[-22.188,-5.008],[0,0],[9.838,21.516]],"v":[[32.258,27.024],[-22.152,-18.249],[5.937,-31.62]]}],"t":179}],"ix":2}},{"ty":"fl","bm":0,"hd":false,"mn":"ADBE Vector Graphic - Fill","nm":"Fill 1","c":{"a":0,"k":[1,0.8824,0],"ix":4},"r":1,"o":{"a":0,"k":100,"ix":5}},{"ty":"tr","a":{"a":0,"k":[0,0],"ix":1},"s":{"a":0,"k":[100,100],"ix":3},"sk":{"a":0,"k":0,"ix":4},"p":{"a":0,"k":[695.451,513.171],"ix":2},"r":{"a":0,"k":0,"ix":6},"sa":{"a":0,"k":0,"ix":5},"o":{"a":0,"k":100,"ix":7}}]}],"ind":1,"parent":4},{"ty":4,"nm":"arm L","sr":1,"st":0,"op":180,"ip":0,"hd":false,"ddd":0,"bm":0,"hasMask":false,"ao":0,"ks":{"a":{"a":0,"k":[853.065,401.383,0],"ix":1},"s":{"a":0,"k":[100,100,100],"ix":6},"sk":{"a":0,"k":0},"p":{"a":0,"k":[853.065,401.383,0],"ix":2},"r":{"a":1,"k":[{"o":{"x":0.333,"y":0},"i":{"x":0.667,"y":1},"s":[13],"t":0},{"o":{"x":0.167,"y":0},"i":{"x":0.667,"y":1},"s":[-9],"t":90},{"s":[13],"t":179}],"ix":10},"sa":{"a":0,"k":0},"o":{"a":0,"k":100,"ix":11}},"ef":[],"shapes":[{"ty":"gr","bm":0,"hd":false,"mn":"ADBE Vector Group","nm":"Group 1","ix":1,"cix":2,"np":2,"it":[{"ty":"sh","bm":0,"hd":false,"mn":"ADBE Vector Shape - Group","nm":"Path 1","ix":1,"d":1,"ks":{"a":0,"k":{"c":true,"i":[[0,0],[-1.445,15.454],[-5.633,0],[-4.476,0],[-3.755,8.088],[0,-20.401],[12.496,-12.496],[0,0]],"o":[[0,0],[1.444,-15.453],[5.633,0],[4.478,0],[3.755,-8.088],[0,20.4],[-10.203,10.203],[0,0]],"v":[[-29.247,21.267],[-22.025,-0.975],[-14.66,-22.35],[-8.306,-4.152],[4.404,-23.072],[29.246,-16.32],[9.893,17.109],[-12.35,36.721]]},"ix":2}},{"ty":"fl","bm":0,"hd":false,"mn":"ADBE Vector Graphic - Fill","nm":"Fill 1","c":{"a":0,"k":[0.9882,0.5843,0.5647],"ix":4},"r":1,"o":{"a":0,"k":100,"ix":5}},{"ty":"tr","a":{"a":0,"k":[0,0],"ix":1},"s":{"a":0,"k":[100,100],"ix":3},"sk":{"a":0,"k":0,"ix":4},"p":{"a":0,"k":[872.957,373.453],"ix":2},"r":{"a":0,"k":0,"ix":6},"sa":{"a":0,"k":0,"ix":5},"o":{"a":0,"k":100,"ix":7}}]}],"ind":2,"parent":1},{"ty":4,"nm":"head","sr":1,"st":0,"op":180,"ip":0,"hd":false,"ddd":0,"bm":0,"hasMask":false,"ao":0,"ks":{"a":{"a":0,"k":[582.648,408.147,0],"ix":1},"s":{"a":0,"k":[100,100,100],"ix":6},"sk":{"a":0,"k":0},"p":{"a":0,"k":[582.648,408.147,0],"ix":2},"r":{"a":1,"k":[{"o":{"x":0.333,"y":0},"i":{"x":0.833,"y":1},"s":[5],"t":0},{"o":{"x":0.167,"y":0},"i":{"x":0.667,"y":1},"s":[-6],"t":30},{"o":{"x":0.333,"y":0},"i":{"x":0.667,"y":1},"s":[0],"t":60},{"o":{"x":0.167,"y":0},"i":{"x":0.667,"y":1},"s":[-16],"t":90},{"o":{"x":0.333,"y":0},"i":{"x":0.833,"y":1},"s":[0],"t":120},{"o":{"x":0.167,"y":0},"i":{"x":0.667,"y":1},"s":[-6],"t":150},{"s":[5],"t":179}],"ix":10},"sa":{"a":0,"k":0},"o":{"a":0,"k":100,"ix":11}},"ef":[],"shapes":[{"ty":"gr","bm":0,"hd":false,"mn":"ADBE Vector Group","nm":"Group 1","ix":1,"cix":2,"np":2,"it":[{"ty":"sh","bm":0,"hd":false,"mn":"ADBE Vector Shape - Group","nm":"Path 1","ix":1,"d":1,"ks":{"a":0,"k":{"c":true,"i":[[-5.018,3.372],[-1.875,6.137],[17.046,8.864],[0,0],[14.475,-5.825],[0,0],[0,0],[-8.182,-2.045],[0,0],[-1.193,-3.75],[0,0],[-6.989,-1.875],[3.062,-1.722]],"o":[[0,0],[1.875,-6.136],[-17.045,-8.863],[0,0],[-20.966,8.438],[0,0],[0,0],[8.182,2.046],[0,0],[1.193,3.75],[0,0],[6.989,1.875],[-7.391,4.153]],"v":[[26.547,49.238],[36.462,22.76],[30.382,-35.194],[2.508,-45.506],[-26.462,-46.785],[-43.226,-7.972],[-35.569,-8.081],[-12.485,-16.274],[5.429,-2.75],[5.924,10.488],[11.72,10.658],[21.265,7.354],[18.107,28.73]]},"ix":2}},{"ty":"fl","bm":0,"hd":false,"mn":"ADBE Vector Graphic - Fill","nm":"Fill 1","c":{"a":0,"k":[0.0627,0.1294,0.251],"ix":4},"r":1,"o":{"a":0,"k":100,"ix":5}},{"ty":"tr","a":{"a":0,"k":[0,0],"ix":1},"s":{"a":0,"k":[100,100],"ix":3},"sk":{"a":0,"k":0,"ix":4},"p":{"a":0,"k":[588.6,347.359],"ix":2},"r":{"a":0,"k":0,"ix":6},"sa":{"a":0,"k":0,"ix":5},"o":{"a":0,"k":100,"ix":7}}]},{"ty":"gr","bm":0,"hd":false,"mn":"ADBE Vector Group","nm":"Group 2","ix":2,"cix":2,"np":2,"it":[{"ty":"sh","bm":0,"hd":false,"mn":"ADBE Vector Shape - Group","nm":"Path 1","ix":1,"d":1,"ks":{"a":0,"k":{"c":true,"i":[[0,0],[0,32.502],[-25.538,0],[0,-51.418]],"o":[[0,0],[0,-32.503],[25.536,0],[0,47.649]],"v":[[-4.984,47.217],[-39.034,19.359],[7.398,-51.862],[39.035,1.489]]},"ix":2}},{"ty":"fl","bm":0,"hd":false,"mn":"ADBE Vector Graphic - Fill","nm":"Fill 1","c":{"a":0,"k":[0.9882,0.5843,0.5647],"ix":4},"r":1,"o":{"a":0,"k":100,"ix":5}},{"ty":"tr","a":{"a":0,"k":[0,0],"ix":1},"s":{"a":0,"k":[100,100],"ix":3},"sk":{"a":0,"k":0,"ix":4},"p":{"a":0,"k":[575.17,360.7],"ix":2},"r":{"a":0,"k":0,"ix":6},"sa":{"a":0,"k":0,"ix":5},"o":{"a":0,"k":100,"ix":7}}]},{"ty":"gr","bm":0,"hd":false,"mn":"ADBE Vector Group","nm":"Group 3","ix":3,"cix":2,"np":2,"it":[{"ty":"sh","bm":0,"hd":false,"mn":"ADBE Vector Shape - Group","nm":"Path 1","ix":1,"d":1,"ks":{"a":0,"k":{"c":true,"i":[[0,0],[-1.444,-11.704],[-2.311,2.311]],"o":[[0,0],[1.444,11.703],[2.311,-2.311]],"v":[[8.81,-18.631],[-8.232,6.928],[7.366,10.543]]},"ix":2}},{"ty":"fl","bm":0,"hd":false,"mn":"ADBE Vector Graphic - Fill","nm":"Fill 1","c":{"a":0,"k":[0.0627,0.1294,0.251],"ix":4},"r":1,"o":{"a":0,"k":100,"ix":5}},{"ty":"tr","a":{"a":0,"k":[0,0],"ix":1},"s":{"a":0,"k":[100,100],"ix":3},"sk":{"a":0,"k":0,"ix":4},"p":{"a":0,"k":[546.506,333.611],"ix":2},"r":{"a":0,"k":0,"ix":6},"sa":{"a":0,"k":0,"ix":5},"o":{"a":0,"k":100,"ix":7}}]}],"ind":3,"parent":4},{"ty":4,"nm":"body","sr":1,"st":0,"op":180,"ip":0,"hd":false,"ddd":0,"bm":0,"hasMask":false,"ao":0,"ks":{"a":{"a":0,"k":[637.869,642.167,0],"ix":1},"s":{"a":0,"k":[100,100,100],"ix":6},"sk":{"a":0,"k":0},"p":{"a":1,"k":[{"o":{"x":0.333,"y":0},"i":{"x":0.667,"y":1},"s":[641.869,682.167,0],"t":0,"ti":[0.667,6.667,0],"to":[-0.667,-6.667,0]},{"o":{"x":0.167,"y":0.167},"i":{"x":0.833,"y":0.833},"s":[637.869,642.167,0],"t":50,"ti":[0,0,0],"to":[0,0,0]},{"o":{"x":0.167,"y":0},"i":{"x":0.667,"y":1},"s":[637.869,642.167,0],"t":120,"ti":[-0.667,-6.667,0],"to":[0.667,6.667,0]},{"s":[641.869,682.167,0],"t":179}],"ix":2},"r":{"a":0,"k":0,"ix":10},"sa":{"a":0,"k":0},"o":{"a":0,"k":100,"ix":11}},"ef":[],"shapes":[{"ty":"gr","bm":0,"hd":false,"mn":"ADBE Vector Group","nm":"Group 1","ix":1,"cix":2,"np":2,"it":[{"ty":"sh","bm":0,"hd":false,"mn":"ADBE Vector Shape - Group","nm":"Path 1","ix":1,"d":1,"ks":{"a":0,"k":{"c":true,"i":[[0,0],[-6.794,3.153],[0,0]],"o":[[0,0],[-6.23,7.969],[0,0]],"v":[[-9.122,-1.642],[9.122,-4.98],[-8.048,4.98]]},"ix":2}},{"ty":"fl","bm":0,"hd":false,"mn":"ADBE Vector Graphic - Fill","nm":"Fill 1","c":{"a":0,"k":[0.8588,0.4039,0.4039],"ix":4},"r":1,"o":{"a":0,"k":100,"ix":5}},{"ty":"tr","a":{"a":0,"k":[0,0],"ix":1},"s":{"a":0,"k":[100,100],"ix":3},"sk":{"a":0,"k":0,"ix":4},"p":{"a":0,"k":[579.308,409.559],"ix":2},"r":{"a":0,"k":0,"ix":6},"sa":{"a":0,"k":0,"ix":5},"o":{"a":0,"k":100,"ix":7}}]},{"ty":"gr","bm":0,"hd":false,"mn":"ADBE Vector Group","nm":"Group 2","ix":2,"cix":2,"np":2,"it":[{"ty":"sh","bm":0,"hd":false,"mn":"ADBE Vector Shape - Group","nm":"Path 1","ix":1,"d":1,"ks":{"a":0,"k":{"c":true,"i":[[-10.317,-16.767],[15.477,27.085],[0,0],[0,0]],"o":[[0,0],[-4.078,-25.147],[0,0],[0,0]],"v":[[26.161,15.818],[-16.866,20.978],[-26.161,-35.997],[19.76,-47.813]]},"ix":2}},{"ty":"fl","bm":0,"hd":false,"mn":"ADBE Vector Graphic - Fill","nm":"Fill 1","c":{"a":0,"k":[0.9882,0.5843,0.5647],"ix":4},"r":1,"o":{"a":0,"k":100,"ix":5}},{"ty":"tr","a":{"a":0,"k":[0,0],"ix":1},"s":{"a":0,"k":[100,100],"ix":3},"sk":{"a":0,"k":0,"ix":4},"p":{"a":0,"k":[591.695,415.573],"ix":2},"r":{"a":0,"k":0,"ix":6},"sa":{"a":0,"k":0,"ix":5},"o":{"a":0,"k":100,"ix":7}}]},{"ty":"gr","bm":0,"hd":false,"mn":"ADBE Vector Group","nm":"Group 3","ix":3,"cix":2,"np":2,"it":[{"ty":"sh","bm":0,"hd":false,"mn":"ADBE Vector Shape - Group","nm":"Path 1","ix":1,"d":1,"ks":{"a":0,"k":{"c":true,"i":[[0,0],[0,0],[3.857,25.131],[2.504,18.364],[0,0],[0.211,1.605],[-45.253,20.22],[-6.062,-62.392]],"o":[[0,0],[0,0],[-3.761,-24.498],[0,0],[-0.251,-1.831],[-4.505,-34.28],[0,0],[6.07,62.392]],"v":[[33.76,113.666],[-20.933,96.899],[-28.032,51.217],[-38.657,-20.495],[-38.657,-20.503],[-39.354,-25.657],[4.862,-113.666],[37.788,5.341]]},"ix":2}},{"ty":"fl","bm":0,"hd":false,"mn":"ADBE Vector Graphic - Fill","nm":"Fill 1","c":{"a":0,"k":[1,0.8706,0.4392],"ix":4},"r":1,"o":{"a":0,"k":100,"ix":5}},{"ty":"tr","a":{"a":0,"k":[0,0],"ix":1},"s":{"a":0,"k":[100,100],"ix":3},"sk":{"a":0,"k":0,"ix":4},"p":{"a":0,"k":[557.072,545.501],"ix":2},"r":{"a":0,"k":0,"ix":6},"sa":{"a":0,"k":0,"ix":5},"o":{"a":0,"k":100,"ix":7}}]},{"ty":"gr","bm":0,"hd":false,"mn":"ADBE Vector Group","nm":"Group 4","ix":4,"cix":2,"np":2,"it":[{"ty":"sh","bm":0,"hd":false,"mn":"ADBE Vector Shape - Group","nm":"Path 1","ix":1,"d":1,"ks":{"a":0,"k":{"c":true,"i":[[0,0],[15.016,63.163],[0,0],[-22.124,-10.211],[-13.014,-28.461],[-6.442,-18.542],[-0.576,-5.049]],"o":[[0,0],[-15.026,-63.162],[0,0],[9.482,4.376],[9.838,21.516],[4.904,14.109],[2.31,20.446]],"v":[[1.54,116.076],[-47.367,-5.523],[-45.058,-111.433],[-10.673,-105.865],[25.77,-48.271],[51.354,15.417],[60.083,45.742]]},"ix":2}},{"ty":"fl","bm":0,"hd":false,"mn":"ADBE Vector Graphic - Fill","nm":"Fill 1","c":{"a":0,"k":[1,0.8706,0.4392],"ix":4},"r":1,"o":{"a":0,"k":100,"ix":5}},{"ty":"tr","a":{"a":0,"k":[0,0],"ix":1},"s":{"a":0,"k":[100,100],"ix":3},"sk":{"a":0,"k":0,"ix":4},"p":{"a":0,"k":[670.349,529.597],"ix":2},"r":{"a":0,"k":0,"ix":6},"sa":{"a":0,"k":0,"ix":5},"o":{"a":0,"k":100,"ix":7}}]},{"ty":"gr","bm":0,"hd":false,"mn":"ADBE Vector Group","nm":"Group 5","ix":5,"cix":2,"np":2,"it":[{"ty":"sh","bm":0,"hd":false,"mn":"ADBE Vector Shape - Group","nm":"Path 1","ix":1,"d":1,"ks":{"a":0,"k":{"c":true,"i":[[-4.001,-21.162],[0,0],[-31.728,86.672],[85.898,-14.703]],"o":[[0,0],[0,0],[-47.206,-142.39],[-85.898,14.703]],"v":[[-97.562,-35.936],[-71.007,104.511],[101.563,42.602],[-13.74,-114.571]]},"ix":2}},{"ty":"fl","bm":0,"hd":false,"mn":"ADBE Vector Graphic - Fill","nm":"Fill 1","c":{"a":0,"k":[0.9373,0.3373,0.4078],"ix":4},"r":1,"o":{"a":0,"k":100,"ix":5}},{"ty":"tr","a":{"a":0,"k":[0,0],"ix":1},"s":{"a":0,"k":[100,100],"ix":3},"sk":{"a":0,"k":0,"ix":4},"p":{"a":0,"k":[616.43,537.886],"ix":2},"r":{"a":0,"k":0,"ix":6},"sa":{"a":0,"k":0,"ix":5},"o":{"a":0,"k":100,"ix":7}}]}],"ind":4},{"ty":4,"nm":"arm R","sr":1,"st":0,"op":180,"ip":0,"hd":false,"ddd":0,"bm":0,"hasMask":false,"ao":0,"ks":{"a":{"a":0,"k":[533.868,454.435,0],"ix":1},"s":{"a":0,"k":[100,100,100],"ix":6},"sk":{"a":0,"k":0},"p":{"a":0,"k":[533.868,454.435,0],"ix":2},"r":{"a":1,"k":[{"o":{"x":0.333,"y":0},"i":{"x":0.667,"y":1},"s":[-9],"t":0},{"o":{"x":0.167,"y":0},"i":{"x":0.667,"y":1},"s":[13],"t":90},{"s":[-9],"t":179}],"ix":10},"sa":{"a":0,"k":0},"o":{"a":0,"k":100,"ix":11}},"ef":[],"shapes":[{"ty":"gr","bm":0,"hd":false,"mn":"ADBE Vector Group","nm":"Group 1","ix":1,"cix":2,"np":2,"it":[{"ty":"sh","bm":0,"hd":false,"mn":"ADBE Vector Shape - Group","nm":"Path 1","ix":1,"d":1,"ks":{"a":1,"k":[{"o":{"x":0.333,"y":0},"i":{"x":0.667,"y":1},"s":[{"c":true,"i":[[0.218,-0.997],[54.621,-5.065],[25.382,10.341],[-7.861,-0.397],[-20.332,8.307],[-11.151,11.855],[-3.468,4.579],[-0.892,0.146],[-6.304,-2.261]],"o":[[-6.759,6.993],[-20.292,1.881],[7.853,0.608],[21.273,1.086],[15.179,-6.199],[3.93,-4.174],[0.543,-0.713],[0,0],[1.986,0.713]],"v":[[81.55,-18.412],[-16.856,29.425],[-82.66,20.584],[-59.077,22.075],[5.454,18.047],[44.904,-10.632],[56.031,-23.769],[59.888,-29.134],[79.37,-29.045]]}],"t":0},{"o":{"x":0.333,"y":0},"i":{"x":0.667,"y":1},"s":[{"c":true,"i":[[0.218,-0.997],[54.621,-5.065],[25.382,10.341],[-7.861,-0.397],[-20.332,8.307],[-11.151,11.855],[-3.468,4.579],[-0.892,0.146],[-6.304,-2.261]],"o":[[-6.759,6.993],[-20.292,1.881],[7.853,0.608],[21.273,1.086],[15.179,-6.199],[3.93,-4.174],[0.543,-0.713],[0,0],[1.986,0.713]],"v":[[81.55,-18.412],[-16.856,29.425],[-82.66,20.584],[-59.077,22.075],[5.454,18.047],[44.904,-10.632],[56.031,-23.769],[59.888,-29.134],[79.37,-29.045]]}],"t":90},{"s":[{"c":true,"i":[[0.218,-0.997],[54.621,-5.065],[25.382,10.341],[-7.861,-0.397],[-20.332,8.307],[-11.151,11.855],[-3.468,4.579],[-0.892,0.146],[-6.304,-2.261]],"o":[[-6.759,6.993],[-20.292,1.881],[7.853,0.608],[21.273,1.086],[15.179,-6.199],[3.93,-4.174],[0.543,-0.713],[0,0],[1.986,0.713]],"v":[[81.55,-18.412],[-16.856,29.425],[-82.66,20.584],[-59.077,22.075],[5.454,18.047],[44.904,-10.632],[56.031,-23.769],[59.888,-29.134],[79.37,-29.045]]}],"t":179}],"ix":2}},{"ty":"fl","bm":0,"hd":false,"mn":"ADBE Vector Graphic - Fill","nm":"Fill 1","c":{"a":0,"k":[1,0.8824,0],"ix":4},"r":1,"o":{"a":0,"k":100,"ix":5}},{"ty":"tr","a":{"a":0,"k":[0,0],"ix":1},"s":{"a":0,"k":[100,100],"ix":3},"sk":{"a":0,"k":0,"ix":4},"p":{"a":0,"k":[477.207,545.031],"ix":2},"r":{"a":0,"k":0,"ix":6},"sa":{"a":0,"k":0,"ix":5},"o":{"a":0,"k":100,"ix":7}}]},{"ty":"gr","bm":0,"hd":false,"mn":"ADBE Vector Group","nm":"Group 2","ix":2,"cix":2,"np":2,"it":[{"ty":"sh","bm":0,"hd":false,"mn":"ADBE Vector Shape - Group","nm":"Path 1","ix":1,"d":1,"ks":{"a":1,"k":[{"o":{"x":0.333,"y":0},"i":{"x":0.667,"y":1},"s":[{"c":true,"i":[[0,0],[0.729,-0.762],[54.621,-5.065],[25.382,10.341],[29.434,24.531],[0,0],[-50.242,33.377],[0,0],[0,0],[0,0]],"o":[[0,0],[-6.759,6.994],[-20.292,1.88],[-20.121,-8.185],[-4.652,-16.297],[0,0],[38.699,-25.709],[0,0],[0,0],[0,0]],"v":[[121.479,10.3],[120.368,11.483],[21.962,59.321],[-43.842,50.479],[-116.826,3.322],[-93.556,-30.432],[23.95,-2.665],[93.289,-62.983],[118.188,0.851],[120.935,8.736]]}],"t":0},{"o":{"x":0.333,"y":0},"i":{"x":0.667,"y":1},"s":[{"c":true,"i":[[0,0],[0.729,-0.762],[54.621,-5.065],[25.382,10.341],[29.434,24.531],[0,0],[-49.337,34.701],[0,0],[0,0],[0,0]],"o":[[0,0],[-6.759,6.994],[-20.292,1.88],[-20.121,-8.185],[-4.652,-16.297],[0,0],[49.337,-34.709],[0,0],[0,0],[0,0]],"v":[[121.479,10.3],[120.368,11.483],[21.962,59.321],[-43.842,50.479],[-116.826,3.322],[-92.62,-31.549],[25.6,-1.897],[96.55,-61.201],[118.188,0.851],[120.935,8.736]]}],"t":90},{"s":[{"c":true,"i":[[0,0],[0.729,-0.762],[54.621,-5.065],[25.382,10.341],[29.434,24.531],[0,0],[-50.242,33.377],[0,0],[0,0],[0,0]],"o":[[0,0],[-6.759,6.994],[-20.292,1.88],[-20.121,-8.185],[-4.652,-16.297],[0,0],[38.699,-25.709],[0,0],[0,0],[0,0]],"v":[[121.479,10.3],[120.368,11.483],[21.962,59.321],[-43.842,50.479],[-116.826,3.322],[-93.556,-30.432],[23.95,-2.665],[93.289,-62.983],[118.188,0.851],[120.935,8.736]]}],"t":179}],"ix":2}},{"ty":"fl","bm":0,"hd":false,"mn":"ADBE Vector Graphic - Fill","nm":"Fill 1","c":{"a":0,"k":[1,0.8706,0.4392],"ix":4},"r":1,"o":{"a":0,"k":100,"ix":5}},{"ty":"tr","a":{"a":0,"k":[0,0],"ix":1},"s":{"a":0,"k":[100,100],"ix":3},"sk":{"a":0,"k":0,"ix":4},"p":{"a":0,"k":[438.389,515.136],"ix":2},"r":{"a":0,"k":0,"ix":6},"sa":{"a":0,"k":0,"ix":5},"o":{"a":0,"k":100,"ix":7}}]}],"ind":5,"parent":4},{"ty":4,"nm":"arm R","sr":1,"st":0,"op":180,"ip":0,"hd":false,"ddd":0,"bm":0,"hasMask":false,"ao":0,"ks":{"a":{"a":0,"k":[339,505,0],"ix":1},"s":{"a":0,"k":[100,100,100],"ix":6},"sk":{"a":0,"k":0},"p":{"a":0,"k":[339,505,0],"ix":2},"r":{"a":1,"k":[{"o":{"x":0.333,"y":0},"i":{"x":0.667,"y":1},"s":[-8],"t":0},{"o":{"x":0.167,"y":0},"i":{"x":0.667,"y":1},"s":[4],"t":90},{"s":[-8],"t":179}],"ix":10},"sa":{"a":0,"k":0},"o":{"a":0,"k":100,"ix":11}},"ef":[],"shapes":[{"ty":"gr","bm":0,"hd":false,"mn":"ADBE Vector Group","nm":"Group 1","ix":1,"cix":2,"np":2,"it":[{"ty":"sh","bm":0,"hd":false,"mn":"ADBE Vector Shape - Group","nm":"Path 1","ix":1,"d":1,"ks":{"a":0,"k":{"c":true,"i":[[0,0],[2.597,18.013],[-1.732,-10.738],[6.677,6.071],[3.117,-13.163],[-15.64,-9.029],[0,0]],"o":[[0,0],[-2.598,-18.012],[1.732,10.738],[-6.675,-6.071],[-3.118,13.163],[15.64,9.03],[0,0]],"v":[[41.653,12.992],[26.932,-14.545],[17.06,-20.087],[8.053,-13.332],[-38.535,-14.025],[4.99,21.999],[26.239,32.557]]},"ix":2}},{"ty":"fl","bm":0,"hd":false,"mn":"ADBE Vector Graphic - Fill","nm":"Fill 1","c":{"a":0,"k":[0.9882,0.5843,0.5647],"ix":4},"r":1,"o":{"a":0,"k":100,"ix":5}},{"ty":"tr","a":{"a":0,"k":[0,0],"ix":1},"s":{"a":0,"k":[100,100],"ix":3},"sk":{"a":0,"k":0,"ix":4},"p":{"a":0,"k":[303.311,482.078],"ix":2},"r":{"a":0,"k":0,"ix":6},"sa":{"a":0,"k":0,"ix":5},"o":{"a":0,"k":100,"ix":7}}]}],"ind":6,"parent":5},{"ty":4,"nm":"mask","sr":1,"st":0,"op":180,"ip":0,"hd":false,"ddd":0,"bm":0,"hasMask":false,"td":1,"ao":0,"ks":{"a":{"a":0,"k":[600,600,0],"ix":1},"s":{"a":0,"k":[100,100,100],"ix":6},"sk":{"a":0,"k":0},"p":{"a":0,"k":[600,600,0],"ix":2},"r":{"a":0,"k":0,"ix":10},"sa":{"a":0,"k":0},"o":{"a":0,"k":100,"ix":11}},"ef":[],"shapes":[{"ty":"gr","bm":0,"hd":false,"mn":"ADBE Vector Group","nm":"Group 8","ix":1,"cix":2,"np":2,"it":[{"ty":"sh","bm":0,"hd":false,"mn":"ADBE Vector Shape - Group","nm":"Path 1","ix":1,"d":1,"ks":{"a":0,"k":{"c":true,"i":[[0,0],[0,0],[-16.629,-9.773],[0,0],[-9.772,16.629],[0,0]],"o":[[0,0],[-9.772,16.63],[0,0],[16.629,9.771],[0,0],[0,0]],"v":[[-30.674,-225.348],[-201.519,60.071],[-189.103,107.875],[-5.82,215.577],[41.984,203.16],[211.29,-79.688]]},"ix":2}},{"ty":"fl","bm":0,"hd":false,"mn":"ADBE Vector Graphic - Fill","nm":"Fill 1","c":{"a":0,"k":[1,1,1],"ix":4},"r":1,"o":{"a":0,"k":100,"ix":5}},{"ty":"tr","a":{"a":0,"k":[0,0],"ix":1},"s":{"a":0,"k":[100,100],"ix":3},"sk":{"a":0,"k":0,"ix":4},"p":{"a":0,"k":[630.092,615.91],"ix":2},"r":{"a":0,"k":0,"ix":6},"sa":{"a":0,"k":0,"ix":5},"o":{"a":0,"k":100,"ix":7}}]},{"ty":"gr","bm":0,"hd":false,"mn":"ADBE Vector Group","nm":"Group 7","ix":2,"cix":2,"np":2,"it":[{"ty":"sh","bm":0,"hd":false,"mn":"ADBE Vector Shape - Group","nm":"Path 1","ix":1,"d":1,"ks":{"a":0,"k":{"c":true,"i":[[0,0],[0,0],[-16.629,-9.773],[0,0],[-9.772,16.629],[0,0]],"o":[[0,0],[-9.772,16.63],[0,0],[16.629,9.771],[0,0],[0,0]],"v":[[-30.674,-225.348],[-201.519,60.071],[-189.103,107.875],[-5.82,215.577],[41.984,203.16],[211.29,-79.688]]},"ix":2}},{"ty":"fl","bm":0,"hd":false,"mn":"ADBE Vector Graphic - Fill","nm":"Fill 1","c":{"a":0,"k":[1,1,1],"ix":4},"r":1,"o":{"a":0,"k":100,"ix":5}},{"ty":"tr","a":{"a":0,"k":[0,0],"ix":1},"s":{"a":0,"k":[100,100],"ix":3},"sk":{"a":0,"k":0,"ix":4},"p":{"a":0,"k":[630.092,615.91],"ix":2},"r":{"a":0,"k":0,"ix":6},"sa":{"a":0,"k":0,"ix":5},"o":{"a":0,"k":100,"ix":7}}]},{"ty":"gr","bm":0,"hd":false,"mn":"ADBE Vector Group","nm":"Group 6","ix":3,"cix":2,"np":2,"it":[{"ty":"sh","bm":0,"hd":false,"mn":"ADBE Vector Shape - Group","nm":"Path 1","ix":1,"d":1,"ks":{"a":0,"k":{"c":true,"i":[[0,0],[0,0],[-16.629,-9.773],[0,0],[-9.772,16.629],[0,0]],"o":[[0,0],[-9.772,16.63],[0,0],[16.629,9.771],[0,0],[0,0]],"v":[[-30.674,-225.348],[-201.519,60.071],[-189.103,107.875],[-5.82,215.577],[41.984,203.16],[211.29,-79.688]]},"ix":2}},{"ty":"fl","bm":0,"hd":false,"mn":"ADBE Vector Graphic - Fill","nm":"Fill 1","c":{"a":0,"k":[1,1,1],"ix":4},"r":1,"o":{"a":0,"k":100,"ix":5}},{"ty":"tr","a":{"a":0,"k":[0,0],"ix":1},"s":{"a":0,"k":[100,100],"ix":3},"sk":{"a":0,"k":0,"ix":4},"p":{"a":0,"k":[630.092,615.91],"ix":2},"r":{"a":0,"k":0,"ix":6},"sa":{"a":0,"k":0,"ix":5},"o":{"a":0,"k":100,"ix":7}}]}],"ind":7,"parent":11},{"ty":4,"nm":"leg L","sr":1,"st":0,"op":180,"ip":0,"hd":false,"ddd":0,"bm":0,"tt":1,"hasMask":false,"ao":0,"ks":{"a":{"a":0,"k":[666,593,0],"ix":1},"s":{"a":0,"k":[100,100,100],"ix":6},"sk":{"a":0,"k":0},"p":{"a":1,"k":[{"o":{"x":0.333,"y":0},"i":{"x":0.667,"y":1},"s":[670,633,0],"t":0,"ti":[0.667,6.667,0],"to":[-0.667,-6.667,0]},{"o":{"x":0.167,"y":0.167},"i":{"x":0.833,"y":0.833},"s":[666,593,0],"t":50,"ti":[0,0,0],"to":[0,0,0]},{"o":{"x":0.167,"y":0},"i":{"x":0.667,"y":1},"s":[666,593,0],"t":120,"ti":[-0.667,-6.667,0],"to":[0.667,6.667,0]},{"s":[670,633,0],"t":179}],"ix":2},"r":{"a":1,"k":[{"o":{"x":0.333,"y":0},"i":{"x":0.667,"y":1},"s":[3],"t":0},{"o":{"x":0.333,"y":0},"i":{"x":0.667,"y":1},"s":[-2],"t":90},{"s":[3],"t":179}],"ix":10},"sa":{"a":0,"k":0},"o":{"a":0,"k":100,"ix":11}},"ef":[],"shapes":[{"ty":"gr","bm":0,"hd":false,"mn":"ADBE Vector Group","nm":"Group 1","ix":1,"cix":2,"np":2,"it":[{"ty":"sh","bm":0,"hd":false,"mn":"ADBE Vector Shape - Group","nm":"Path 1","ix":1,"d":1,"ks":{"a":0,"k":{"c":true,"i":[[-18.007,-50.042],[0,0],[0,0],[0,0],[0,0],[0,0],[0,0],[0,0]],"o":[[0,0],[0,0],[0,0],[0,0],[0,0],[0,0],[0,0],[0,0]],"v":[[122.024,91.661],[34.634,161.906],[-17.212,72.174],[-40.633,33.535],[-69.524,-64.823],[-64.362,-64.823],[-33.032,-80.132],[17.667,-104.906]]},"ix":2}},{"ty":"fl","bm":0,"hd":false,"mn":"ADBE Vector Graphic - Fill","nm":"Fill 1","c":{"a":0,"k":[0.0824,0.1647,0.3216],"ix":4},"r":1,"o":{"a":0,"k":100,"ix":5}},{"ty":"tr","a":{"a":0,"k":[0,0],"ix":1},"s":{"a":0,"k":[100,100],"ix":3},"sk":{"a":0,"k":0,"ix":4},"p":{"a":0,"k":[690.268,679.362],"ix":2},"r":{"a":0,"k":0,"ix":6},"sa":{"a":0,"k":0,"ix":5},"o":{"a":0,"k":100,"ix":7}}]}],"ind":8,"parent":11},{"ty":4,"nm":"mask","sr":1,"st":0,"op":180,"ip":0,"hd":false,"ddd":0,"bm":0,"hasMask":false,"td":1,"ao":0,"ks":{"a":{"a":0,"k":[600,600,0],"ix":1},"s":{"a":0,"k":[100,100,100],"ix":6},"sk":{"a":0,"k":0},"p":{"a":0,"k":[600,600,0],"ix":2},"r":{"a":0,"k":0,"ix":10},"sa":{"a":0,"k":0},"o":{"a":0,"k":100,"ix":11}},"ef":[],"shapes":[{"ty":"gr","bm":0,"hd":false,"mn":"ADBE Vector Group","nm":"Group 8","ix":1,"cix":2,"np":2,"it":[{"ty":"sh","bm":0,"hd":false,"mn":"ADBE Vector Shape - Group","nm":"Path 1","ix":1,"d":1,"ks":{"a":0,"k":{"c":true,"i":[[0,0],[0,0],[-16.629,-9.773],[0,0],[-9.772,16.629],[0,0]],"o":[[0,0],[-9.772,16.63],[0,0],[16.629,9.771],[0,0],[0,0]],"v":[[-30.674,-225.348],[-201.519,60.071],[-189.103,107.875],[-5.82,215.577],[41.984,203.16],[211.29,-79.688]]},"ix":2}},{"ty":"fl","bm":0,"hd":false,"mn":"ADBE Vector Graphic - Fill","nm":"Fill 1","c":{"a":0,"k":[1,1,1],"ix":4},"r":1,"o":{"a":0,"k":100,"ix":5}},{"ty":"tr","a":{"a":0,"k":[0,0],"ix":1},"s":{"a":0,"k":[100,100],"ix":3},"sk":{"a":0,"k":0,"ix":4},"p":{"a":0,"k":[630.092,615.91],"ix":2},"r":{"a":0,"k":0,"ix":6},"sa":{"a":0,"k":0,"ix":5},"o":{"a":0,"k":100,"ix":7}}]},{"ty":"gr","bm":0,"hd":false,"mn":"ADBE Vector Group","nm":"Group 7","ix":2,"cix":2,"np":2,"it":[{"ty":"sh","bm":0,"hd":false,"mn":"ADBE Vector Shape - Group","nm":"Path 1","ix":1,"d":1,"ks":{"a":0,"k":{"c":true,"i":[[0,0],[0,0],[-16.629,-9.773],[0,0],[-9.772,16.629],[0,0]],"o":[[0,0],[-9.772,16.63],[0,0],[16.629,9.771],[0,0],[0,0]],"v":[[-30.674,-225.348],[-201.519,60.071],[-189.103,107.875],[-5.82,215.577],[41.984,203.16],[211.29,-79.688]]},"ix":2}},{"ty":"fl","bm":0,"hd":false,"mn":"ADBE Vector Graphic - Fill","nm":"Fill 1","c":{"a":0,"k":[1,1,1],"ix":4},"r":1,"o":{"a":0,"k":100,"ix":5}},{"ty":"tr","a":{"a":0,"k":[0,0],"ix":1},"s":{"a":0,"k":[100,100],"ix":3},"sk":{"a":0,"k":0,"ix":4},"p":{"a":0,"k":[630.092,615.91],"ix":2},"r":{"a":0,"k":0,"ix":6},"sa":{"a":0,"k":0,"ix":5},"o":{"a":0,"k":100,"ix":7}}]},{"ty":"gr","bm":0,"hd":false,"mn":"ADBE Vector Group","nm":"Group 6","ix":3,"cix":2,"np":2,"it":[{"ty":"sh","bm":0,"hd":false,"mn":"ADBE Vector Shape - Group","nm":"Path 1","ix":1,"d":1,"ks":{"a":0,"k":{"c":true,"i":[[0,0],[0,0],[-16.629,-9.773],[0,0],[-9.772,16.629],[0,0]],"o":[[0,0],[-9.772,16.63],[0,0],[16.629,9.771],[0,0],[0,0]],"v":[[-30.674,-225.348],[-201.519,60.071],[-189.103,107.875],[-5.82,215.577],[41.984,203.16],[211.29,-79.688]]},"ix":2}},{"ty":"fl","bm":0,"hd":false,"mn":"ADBE Vector Graphic - Fill","nm":"Fill 1","c":{"a":0,"k":[1,1,1],"ix":4},"r":1,"o":{"a":0,"k":100,"ix":5}},{"ty":"tr","a":{"a":0,"k":[0,0],"ix":1},"s":{"a":0,"k":[100,100],"ix":3},"sk":{"a":0,"k":0,"ix":4},"p":{"a":0,"k":[630.092,615.91],"ix":2},"r":{"a":0,"k":0,"ix":6},"sa":{"a":0,"k":0,"ix":5},"o":{"a":0,"k":100,"ix":7}}]}],"ind":9,"parent":11},{"ty":4,"nm":"leg R","sr":1,"st":0,"op":180,"ip":0,"hd":false,"ddd":0,"bm":0,"tt":1,"hasMask":false,"ao":0,"ks":{"a":{"a":0,"k":[600,600,0],"ix":1},"s":{"a":0,"k":[100,100,100],"ix":6},"sk":{"a":0,"k":0},"p":{"a":1,"k":[{"o":{"x":0.333,"y":0},"i":{"x":0.667,"y":1},"s":[604,640,0],"t":0,"ti":[0.667,6.667,0],"to":[-0.667,-6.667,0]},{"o":{"x":0.167,"y":0.167},"i":{"x":0.833,"y":0.833},"s":[600,600,0],"t":50,"ti":[0,0,0],"to":[0,0,0]},{"o":{"x":0.167,"y":0},"i":{"x":0.667,"y":1},"s":[600,600,0],"t":120,"ti":[-0.667,-6.667,0],"to":[0.667,6.667,0]},{"s":[604,640,0],"t":179}],"ix":2},"r":{"a":1,"k":[{"o":{"x":0.333,"y":0},"i":{"x":0.667,"y":1},"s":[-3],"t":0},{"o":{"x":0.333,"y":0},"i":{"x":0.667,"y":1},"s":[2],"t":90},{"s":[-3],"t":179}],"ix":10},"sa":{"a":0,"k":0},"o":{"a":0,"k":100,"ix":11}},"ef":[],"shapes":[{"ty":"gr","bm":0,"hd":false,"mn":"ADBE Vector Group","nm":"Group 1","ix":1,"cix":2,"np":2,"it":[{"ty":"sh","bm":0,"hd":false,"mn":"ADBE Vector Shape - Group","nm":"Path 1","ix":1,"d":1,"ks":{"a":0,"k":{"c":true,"i":[[0.146,-12.1],[0,0],[0.971,-16.321],[3.429,-2.309],[5.123,11.581],[0,0],[0,0],[-13.388,-8.922]],"o":[[0,0],[-0.333,28.283],[-2.489,3.549],[1.272,-23.549],[-7.803,-17.618],[0,0],[0.82,0.615],[0.275,12.716]],"v":[[14.268,-11.086],[14.268,-11.078],[10.24,104.335],[-3.449,107.651],[-0.086,-3.801],[-12.557,-61.322],[-14.414,-67.651],[14.113,-48.543]]},"ix":2}},{"ty":"fl","bm":0,"hd":false,"mn":"ADBE Vector Graphic - Fill","nm":"Fill 1","c":{"a":0,"k":[0.0627,0.1294,0.251],"ix":4},"r":1,"o":{"a":0,"k":100,"ix":5}},{"ty":"tr","a":{"a":0,"k":[0,0],"ix":1},"s":{"a":0,"k":[100,100],"ix":3},"sk":{"a":0,"k":0,"ix":4},"p":{"a":0,"k":[658.788,762.622],"ix":2},"r":{"a":0,"k":0,"ix":6},"sa":{"a":0,"k":0,"ix":5},"o":{"a":0,"k":100,"ix":7}}]},{"ty":"gr","bm":0,"hd":false,"mn":"ADBE Vector Group","nm":"Group 2","ix":2,"cix":2,"np":2,"it":[{"ty":"sh","bm":0,"hd":false,"mn":"ADBE Vector Shape - Group","nm":"Path 1","ix":1,"d":1,"ks":{"a":0,"k":{"c":true,"i":[[0.146,-12.1],[0,0],[0.971,-16.321],[3.429,-2.309],[12.002,7.051],[0,0],[1.799,12.586],[0,0],[-26.103,-61.387],[-0.373,-1.005],[-0.916,-42.335]],"o":[[0,0],[-0.333,28.283],[-2.489,3.549],[-10.802,7.326],[0,0],[-0.916,-9.417],[-13.931,-97.506],[0,0],[0.405,0.94],[9.846,26.467],[0.275,12.716]],"v":[[67.587,63.344],[67.587,63.352],[63.559,179.766],[54.595,188.581],[17.301,189.797],[-51.283,149.49],[-53.802,70.095],[-55.407,-78.297],[51.768,-88.962],[52.935,-86.036],[67.433,25.887]]},"ix":2}},{"ty":"fl","bm":0,"hd":false,"mn":"ADBE Vector Graphic - Fill","nm":"Fill 1","c":{"a":0,"k":[0.0824,0.1647,0.3216],"ix":4},"r":1,"o":{"a":0,"k":100,"ix":5}},{"ty":"tr","a":{"a":0,"k":[0,0],"ix":1},"s":{"a":0,"k":[100,100],"ix":3},"sk":{"a":0,"k":0,"ix":4},"p":{"a":0,"k":[605.469,688.192],"ix":2},"r":{"a":0,"k":0,"ix":6},"sa":{"a":0,"k":0,"ix":5},"o":{"a":0,"k":100,"ix":7}}]}],"ind":10,"parent":11},{"ty":4,"nm":"chart","sr":1,"st":0,"op":180,"ip":0,"hd":false,"ddd":0,"bm":0,"hasMask":false,"ao":0,"ks":{"a":{"a":0,"k":[600,600,0],"ix":1},"s":{"a":0,"k":[100,100,100],"ix":6},"sk":{"a":0,"k":0},"p":{"a":1,"k":[{"o":{"x":0.333,"y":0},"i":{"x":0.667,"y":1},"s":[600,600,0],"t":0,"ti":[0,0,0],"to":[0,3.333,0]},{"o":{"x":0.333,"y":0},"i":{"x":0.667,"y":1},"s":[600,620,0],"t":90,"ti":[0,3.333,0],"to":[0,0,0]},{"s":[600,600,0],"t":179}],"ix":2},"r":{"a":0,"k":0,"ix":10},"sa":{"a":0,"k":0},"o":{"a":0,"k":100,"ix":11}},"ef":[],"shapes":[{"ty":"gr","bm":0,"hd":false,"mn":"ADBE Vector Group","nm":"Group 1","ix":1,"cix":2,"np":4,"it":[{"ty":"sh","bm":0,"hd":false,"mn":"ADBE Vector Shape - Group","nm":"Path 1","ix":1,"d":1,"ks":{"a":0,"k":{"c":true,"i":[[0.818,-3.242],[3.242,0.819],[-0.819,3.233],[-3.233,-0.819]],"o":[[-0.818,3.233],[-3.242,-0.818],[0.818,-3.242],[3.243,0.818]],"v":[[21.342,-20.771],[13.992,-16.387],[9.608,-23.728],[16.949,-28.121]]},"ix":2}},{"ty":"sh","bm":0,"hd":false,"mn":"ADBE Vector Shape - Group","nm":"Path 2","ix":2,"d":1,"ks":{"a":0,"k":{"c":true,"i":[[4.782,3.469],[0,0],[3.46,-4.781],[0,0],[-4.781,-3.469],[0,0],[-3.461,4.774],[0,0]],"o":[[0,0],[-4.774,-3.468],[0,0],[-3.46,4.781],[0,0],[4.781,3.468],[0,0],[3.46,-4.782]],"v":[[34.276,-30.22],[18.06,-41.97],[3.141,-39.597],[-36.658,15.293],[-34.275,30.22],[-18.067,41.97],[-3.139,39.595],[36.658,-15.292]]},"ix":2}},{"ty":"mm","bm":0,"hd":false,"mn":"ADBE Vector Filter - Merge","nm":"Merge Paths 1","mm":1},{"ty":"fl","bm":0,"hd":false,"mn":"ADBE Vector Graphic - Fill","nm":"Fill 1","c":{"a":0,"k":[0.0627,0.1294,0.251],"ix":4},"r":1,"o":{"a":0,"k":100,"ix":5}},{"ty":"tr","a":{"a":0,"k":[0,0],"ix":1},"s":{"a":0,"k":[100,100],"ix":3},"sk":{"a":0,"k":0,"ix":4},"p":{"a":0,"k":[768.896,391.988],"ix":2},"r":{"a":0,"k":0,"ix":6},"sa":{"a":0,"k":0,"ix":5},"o":{"a":0,"k":100,"ix":7}}]},{"ty":"gr","bm":0,"hd":false,"mn":"ADBE Vector Group","nm":"Group 2","ix":2,"cix":2,"np":2,"it":[{"ty":"sh","bm":0,"hd":false,"mn":"ADBE Vector Shape - Group","nm":"Path 1","ix":1,"d":1,"ks":{"a":0,"k":{"c":true,"i":[[0,0],[0,0],[0,0],[0,0]],"o":[[0,0],[0,0],[0,0],[0,0]],"v":[[50.413,36.086],[-53.959,-30.316],[-50.413,-36.086],[53.959,30.316]]},"ix":2}},{"ty":"fl","bm":0,"hd":false,"mn":"ADBE Vector Graphic - Fill","nm":"Fill 1","c":{"a":0,"k":[0.8196,0.2,0.2902],"ix":4},"r":1,"o":{"a":0,"k":100,"ix":5}},{"ty":"tr","a":{"a":0,"k":[0,0],"ix":1},"s":{"a":0,"k":[100,100],"ix":3},"sk":{"a":0,"k":0,"ix":4},"p":{"a":0,"k":[504.336,728.8],"ix":2},"r":{"a":0,"k":0,"ix":6},"sa":{"a":0,"k":0,"ix":5},"o":{"a":0,"k":100,"ix":7}}]},{"ty":"gr","bm":0,"hd":false,"mn":"ADBE Vector Group","nm":"Group 3","ix":3,"cix":2,"np":2,"it":[{"ty":"sh","bm":0,"hd":false,"mn":"ADBE Vector Shape - Group","nm":"Path 1","ix":1,"d":1,"ks":{"a":0,"k":{"c":true,"i":[[0,0],[0,0],[0,0],[0,0]],"o":[[0,0],[0,0],[0,0],[0,0]],"v":[[24.187,18.842],[-27.733,-13.073],[-24.187,-18.842],[27.733,13.073]]},"ix":2}},{"ty":"fl","bm":0,"hd":false,"mn":"ADBE Vector Graphic - Fill","nm":"Fill 1","c":{"a":0,"k":[0.8,0.7686,0.8],"ix":4},"r":1,"o":{"a":0,"k":100,"ix":5}},{"ty":"tr","a":{"a":0,"k":[0,0],"ix":1},"s":{"a":0,"k":[100,100],"ix":3},"sk":{"a":0,"k":0,"ix":4},"p":{"a":0,"k":[490.876,690.788],"ix":2},"r":{"a":0,"k":0,"ix":6},"sa":{"a":0,"k":0,"ix":5},"o":{"a":0,"k":100,"ix":7}}]},{"ty":"gr","bm":0,"hd":false,"mn":"ADBE Vector Group","nm":"Group 4","ix":4,"cix":2,"np":2,"it":[{"ty":"sh","bm":0,"hd":false,"mn":"ADBE Vector Shape - Group","nm":"Path 1","ix":1,"d":1,"ks":{"a":0,"k":{"c":true,"i":[[0,0],[0,0],[0,0],[0,0]],"o":[[0,0],[0,0],[0,0],[0,0]],"v":[[37.727,27.698],[-42.11,-21.331],[-38.195,-27.698],[42.11,21.302]]},"ix":2}},{"ty":"fl","bm":0,"hd":false,"mn":"ADBE Vector Graphic - Fill","nm":"Fill 1","c":{"a":0,"k":[0.8,0.7686,0.8],"ix":4},"r":1,"o":{"a":0,"k":100,"ix":5}},{"ty":"tr","a":{"a":0,"k":[0,0],"ix":1},"s":{"a":0,"k":[100,100],"ix":3},"sk":{"a":0,"k":0,"ix":4},"p":{"a":0,"k":[519.893,679.474],"ix":2},"r":{"a":0,"k":0,"ix":6},"sa":{"a":0,"k":0,"ix":5},"o":{"a":0,"k":100,"ix":7}}]},{"ty":"gr","bm":0,"hd":false,"mn":"ADBE Vector Group","nm":"Group 5","ix":5,"cix":2,"np":2,"it":[{"ty":"sh","bm":0,"hd":false,"mn":"ADBE Vector Shape - Group","nm":"Path 1","ix":1,"d":1,"ks":{"a":0,"k":{"c":true,"i":[[0,0],[0,0],[-10.385,-6.103],[0,0],[-6.103,10.385],[0,0]],"o":[[0,0],[-6.103,10.386],[0,0],[10.386,6.103],[0,0],[0,0]],"v":[[-19.584,-140.732],[-126.279,37.515],[-118.525,67.37],[-4.063,134.63],[25.792,126.876],[132.382,-51.693]]},"ix":2}},{"ty":"gf","bm":0,"hd":false,"mn":"ADBE Vector Graphic - G-Fill","nm":"Gradient Fill 1","e":{"a":0,"k":[77,-137],"ix":6},"g":{"p":3,"k":{"a":0,"k":[0,0.3215686274509804,0.9058823529411765,0.9686274509803922,0.5,0,0.7647058823529411,0.996078431372549,1,0.40784313725490196,0.6980392156862745,0.9882352941176471],"ix":9}},"t":1,"a":{"a":0,"k":0},"h":{"a":0,"k":0},"s":{"a":0,"k":[-87,116],"ix":5},"r":1,"o":{"a":0,"k":100,"ix":10}},{"ty":"tr","a":{"a":0,"k":[0,0],"ix":1},"s":{"a":0,"k":[100,100],"ix":3},"sk":{"a":0,"k":0,"ix":4},"p":{"a":0,"k":[643.225,598.265],"ix":2},"r":{"a":0,"k":0,"ix":6},"sa":{"a":0,"k":0,"ix":5},"o":{"a":0,"k":100,"ix":7}}]},{"ty":"gr","bm":0,"hd":false,"mn":"ADBE Vector Group","nm":"Group 6","ix":6,"cix":2,"np":2,"it":[{"ty":"sh","bm":0,"hd":false,"mn":"ADBE Vector Shape - Group","nm":"Path 1","ix":1,"d":1,"ks":{"a":0,"k":{"c":true,"i":[[0,0],[0,0],[-16.629,-9.773],[0,0],[-9.772,16.629],[0,0]],"o":[[0,0],[-9.772,16.63],[0,0],[16.629,9.771],[0,0],[0,0]],"v":[[-30.674,-225.348],[-201.519,60.071],[-189.103,107.875],[-5.82,215.577],[41.984,203.16],[211.29,-79.688]]},"ix":2}},{"ty":"fl","bm":0,"hd":false,"mn":"ADBE Vector Graphic - Fill","nm":"Fill 1","c":{"a":0,"k":[1,1,1],"ix":4},"r":1,"o":{"a":0,"k":100,"ix":5}},{"ty":"tr","a":{"a":0,"k":[0,0],"ix":1},"s":{"a":0,"k":[100,100],"ix":3},"sk":{"a":0,"k":0,"ix":4},"p":{"a":0,"k":[630.092,615.91],"ix":2},"r":{"a":0,"k":0,"ix":6},"sa":{"a":0,"k":0,"ix":5},"o":{"a":0,"k":100,"ix":7}}]},{"ty":"gr","bm":0,"hd":false,"mn":"ADBE Vector Group","nm":"Group 7","ix":7,"cix":2,"np":2,"it":[{"ty":"sh","bm":0,"hd":false,"mn":"ADBE Vector Shape - Group","nm":"Path 1","ix":1,"d":1,"ks":{"a":0,"k":{"c":true,"i":[[9.773,-16.629],[0,0],[0,0],[0,0],[-16.629,-9.773],[0,0],[1.726,-2.836],[0,0],[-3.745,-2.277],[0,0],[-2.285,3.735],[0,0],[3.744,2.285],[0,0],[0,0]],"o":[[0,0],[0,0],[0,0],[9.774,-16.63],[0,0],[-3.088,-0.495],[0,0],[-2.277,3.744],[0,0],[3.744,2.285],[0,0],[2.285,-3.743],[0,0],[0,0],[16.629,9.765]],"v":[[121.714,73.251],[110.483,92.021],[-131.486,-53.641],[-121.793,-69.831],[-73.988,-82.247],[-2.714,-40.365],[-10.737,-36.663],[-11.588,-35.276],[-8.937,-24.369],[28.357,-1.628],[39.265,-4.271],[40.108,-5.666],[37.466,-16.573],[29.11,-21.663],[109.299,25.454]]},"ix":2}},{"ty":"fl","bm":0,"hd":false,"mn":"ADBE Vector Graphic - Fill","nm":"Fill 1","c":{"a":0,"k":[0.3961,0.5176,0.7765],"ix":4},"r":1,"o":{"a":0,"k":100,"ix":5}},{"ty":"tr","a":{"a":0,"k":[0,0],"ix":1},"s":{"a":0,"k":[100,100],"ix":3},"sk":{"a":0,"k":0,"ix":4},"p":{"a":0,"k":[730.901,444.202],"ix":2},"r":{"a":0,"k":0,"ix":6},"sa":{"a":0,"k":0,"ix":5},"o":{"a":0,"k":100,"ix":7}}]},{"ty":"gr","bm":0,"hd":false,"mn":"ADBE Vector Group","nm":"Group 8","ix":8,"cix":2,"np":4,"it":[{"ty":"sh","bm":0,"hd":false,"mn":"ADBE Vector Shape - Group","nm":"Path 1","ix":1,"d":1,"ks":{"a":0,"k":{"c":true,"i":[[0,0],[0,0],[2.285,-3.744],[0,0],[3.744,2.285],[0,0],[-2.278,3.744],[0,0],[-3.088,-0.494]],"o":[[0,0],[3.745,2.286],[0,0],[-2.285,3.736],[0,0],[-3.744,-2.277],[0,0],[1.727,-2.837],[0,0]],"v":[[119.419,-174.178],[127.774,-169.089],[130.416,-158.181],[129.573,-156.787],[118.665,-154.145],[81.371,-176.885],[78.721,-187.793],[79.571,-189.178],[87.595,-192.882]]},"ix":2}},{"ty":"sh","bm":0,"hd":false,"mn":"ADBE Vector Shape - Group","nm":"Path 2","ix":2,"d":1,"ks":{"a":0,"k":{"c":true,"i":[[3.542,13.656],[12.156,7.139],[0,0],[4.854,1.224],[11.824,-20.049],[0,0],[-3.55,-13.647],[-12.164,-7.147],[0,0],[-4.854,-1.216],[-11.824,20.049],[0,0]],"o":[[-3.55,-13.647],[0,0],[-4.336,-2.544],[-22.561,-5.689],[0,0],[-7.147,12.156],[3.541,13.647],[0,0],[4.344,2.545],[22.554,5.689],[0,0],[7.148,-12.164]],"v":[[233.012,-110.23],[208.659,-142.467],[25.373,-250.177],[11.523,-255.858],[-46.85,-231.473],[-227.422,70.213],[-233.005,110.23],[-208.652,142.475],[-25.374,250.176],[-11.517,255.858],[46.848,231.473],[227.428,-70.204]]},"ix":2}},{"ty":"mm","bm":0,"hd":false,"mn":"ADBE Vector Filter - Merge","nm":"Merge Paths 1","mm":1},{"ty":"fl","bm":0,"hd":false,"mn":"ADBE Vector Graphic - Fill","nm":"Fill 1","c":{"a":0,"k":[0.8,0.7686,0.8],"ix":4},"r":1,"o":{"a":0,"k":100,"ix":5}},{"ty":"tr","a":{"a":0,"k":[0,0],"ix":1},"s":{"a":0,"k":[100,100],"ix":3},"sk":{"a":0,"k":0,"ix":4},"p":{"a":0,"k":[640.591,596.718],"ix":2},"r":{"a":0,"k":0,"ix":6},"sa":{"a":0,"k":0,"ix":5},"o":{"a":0,"k":100,"ix":7}}]}],"ind":11,"parent":12},{"ty":4,"nm":"wire","sr":1,"st":0,"op":180,"ip":0,"hd":false,"ddd":0,"bm":0,"hasMask":false,"ao":0,"ks":{"a":{"a":0,"k":[600,600,0],"ix":1},"s":{"a":0,"k":[100,100,100],"ix":6},"sk":{"a":0,"k":0},"p":{"a":0,"k":[600,600,0],"ix":2},"r":{"a":0,"k":0,"ix":10},"sa":{"a":0,"k":0},"o":{"a":0,"k":100,"ix":11}},"ef":[],"shapes":[{"ty":"gr","bm":0,"hd":false,"mn":"ADBE Vector Group","nm":"Group 1","ix":1,"cix":2,"np":2,"it":[{"ty":"sh","bm":0,"hd":false,"mn":"ADBE Vector Shape - Group","nm":"Path 1","ix":1,"d":1,"ks":{"a":1,"k":[{"o":{"x":0.333,"y":0},"i":{"x":0.667,"y":1},"s":[{"c":true,"i":[[33.965,-52.717],[-88.402,-7.682],[38.818,-50.506],[59.23,-11.139],[-41.079,-90.372],[35.425,12.477],[58.24,-100.204],[-85.594,-9.024],[38.46,11.016],[45.863,38.465],[-48.632,51.571],[-158.981,-35.566],[-37.286,90.624],[89.125,-16.614]],"o":[[-1.078,1.674],[89.36,7.766],[-38.818,50.505],[-59.23,11.14],[41.079,90.372],[-16.565,-5.834],[-59.384,102.173],[58.623,6.182],[-27.562,-7.894],[-45.862,-38.465],[53.156,-56.369],[129.242,28.913],[41.225,-100.201],[-34.66,6.461]],"v":[[63.411,-266.384],[173.988,-348.996],[241.878,-184.588],[108.509,-115.336],[18.446,27.706],[-69.602,98.889],[-294.057,120.051],[-80.556,350.496],[-72.637,291.665],[-187.962,233.831],[-216.802,26.635],[56.203,-30.68],[312.216,-142.537],[161.597,-333.52]]}],"t":0},{"o":{"x":0.333,"y":0},"i":{"x":0.667,"y":1},"s":[{"c":true,"i":[[33.965,-52.717],[-88.402,-7.682],[38.818,-50.506],[59.23,-11.139],[-41.079,-90.372],[35.425,12.477],[50.954,-104.098],[-90.889,0.324],[38.46,11.016],[45.863,38.465],[-48.632,51.571],[-158.981,-35.566],[-37.286,90.624],[89.125,-16.614]],"o":[[-1.078,1.674],[89.36,7.766],[-38.818,50.505],[-59.23,11.14],[41.079,90.372],[-16.565,-5.834],[-46.387,94.769],[58.948,-0.21],[-27.562,-7.894],[-45.862,-38.465],[53.156,-56.369],[129.242,28.913],[41.225,-100.201],[-34.66,6.461]],"v":[[62.411,-244.884],[173.488,-333.996],[226.378,-187.588],[108.509,-115.336],[10.446,48.706],[-77.602,119.889],[-294.057,154.051],[-80.556,350.496],[-73.137,294.165],[-190.962,245.331],[-224.802,47.635],[48.204,-9.68],[296.716,-145.537],[161.098,-318.52]]}],"t":90},{"s":[{"c":true,"i":[[33.965,-52.717],[-88.402,-7.682],[38.818,-50.506],[59.23,-11.139],[-41.079,-90.372],[35.425,12.477],[58.24,-100.204],[-85.594,-9.024],[38.46,11.016],[45.863,38.465],[-48.632,51.571],[-158.981,-35.566],[-37.286,90.624],[89.125,-16.614]],"o":[[-1.078,1.674],[89.36,7.766],[-38.818,50.505],[-59.23,11.14],[41.079,90.372],[-16.565,-5.834],[-59.384,102.173],[58.623,6.182],[-27.562,-7.894],[-45.862,-38.465],[53.156,-56.369],[129.242,28.913],[41.225,-100.201],[-34.66,6.461]],"v":[[63.411,-266.384],[173.988,-348.996],[241.878,-184.588],[108.509,-115.336],[18.446,27.706],[-69.602,98.889],[-294.057,120.051],[-80.556,350.496],[-72.637,291.665],[-187.962,233.831],[-216.802,26.635],[56.203,-30.68],[312.216,-142.537],[161.597,-333.52]]}],"t":179}],"ix":2}},{"ty":"st","bm":0,"hd":false,"mn":"ADBE Vector Graphic - Stroke","nm":"Stroke 1","lc":1,"lj":1,"ml":10,"o":{"a":0,"k":100,"ix":4},"w":{"a":0,"k":1.5,"ix":5},"c":{"a":0,"k":[0.0627,0.1294,0.251],"ix":3}},{"ty":"tr","a":{"a":0,"k":[0,0],"ix":1},"s":{"a":0,"k":[100,100],"ix":3},"sk":{"a":0,"k":0,"ix":4},"p":{"a":0,"k":[724.445,631.18],"ix":2},"r":{"a":0,"k":0,"ix":6},"sa":{"a":0,"k":0,"ix":5},"o":{"a":0,"k":100,"ix":7}}]}],"ind":12}]},{"nm":"","id":"comp_1","layers":[{"ty":4,"nm":"chart1","sr":1,"st":0,"op":180,"ip":0,"hd":false,"ddd":0,"bm":0,"hasMask":false,"ao":0,"ks":{"a":{"a":0,"k":[232.108,624.933,0],"ix":1},"s":{"a":0,"k":[100,100,100],"ix":6},"sk":{"a":0,"k":0},"p":{"a":0,"k":[232.108,624.933,0],"ix":2},"r":{"a":1,"k":[{"o":{"x":0.494,"y":0},"i":{"x":0.299,"y":1},"s":[178],"t":0},{"o":{"x":0.494,"y":0},"i":{"x":0.299,"y":1},"s":[0],"t":44.75},{"o":{"x":0.494,"y":0},"i":{"x":0.299,"y":1},"s":[152],"t":89.5},{"o":{"x":0.494,"y":0},"i":{"x":0.299,"y":1},"s":[-137],"t":134.25},{"s":[178],"t":179}],"ix":10},"sa":{"a":0,"k":0},"o":{"a":0,"k":100,"ix":11}},"ef":[],"shapes":[{"ty":"gr","bm":0,"hd":false,"mn":"ADBE Vector Group","nm":"Group 1","ix":1,"cix":2,"np":2,"it":[{"ty":"sh","bm":0,"hd":false,"mn":"ADBE Vector Shape - Group","nm":"Path 1","ix":1,"d":1,"ks":{"a":0,"k":{"c":true,"i":[[0,0],[4.652,0],[13.021,-17.748],[0,0]],"o":[[-4.404,-0.848],[-23.7,0],[0,0],[0,0]],"v":[[35.664,-34.481],[22.062,-35.778],[-35.664,-6.505],[25.783,35.778]]},"ix":2}},{"ty":"fl","bm":0,"hd":false,"mn":"ADBE Vector Graphic - Fill","nm":"Fill 1","c":{"a":0,"k":[1,0.8824,0],"ix":4},"r":1,"o":{"a":0,"k":100,"ix":5}},{"ty":"tr","a":{"a":0,"k":[0,0],"ix":1},"s":{"a":0,"k":[100,100],"ix":3},"sk":{"a":0,"k":0,"ix":4},"p":{"a":0,"k":[206.506,590.572],"ix":2},"r":{"a":0,"k":0,"ix":6},"sa":{"a":0,"k":0,"ix":5},"o":{"a":0,"k":100,"ix":7}}]},{"ty":"gr","bm":0,"hd":false,"mn":"ADBE Vector Group","nm":"Group 2","ix":2,"cix":2,"np":4,"it":[{"ty":"sh","bm":0,"hd":false,"mn":"ADBE Vector Shape - Group","nm":"Path 1","ix":1,"d":1,"ks":{"a":0,"k":{"c":true,"i":[[0,0]],"o":[[0,0]],"v":[[35.664,-35.778]]},"ix":2}},{"ty":"sh","bm":0,"hd":false,"mn":"ADBE Vector Shape - Group","nm":"Path 2","ix":2,"d":1,"ks":{"a":0,"k":{"c":true,"i":[[13.022,-17.747],[0,0],[0,0],[4.653,0]],"o":[[0,0],[0,0],[-4.404,-0.847],[-23.699,0]],"v":[[-35.664,-6.506],[25.783,35.778],[35.664,-34.481],[22.062,-35.778]]},"ix":2}},{"ty":"mm","bm":0,"hd":false,"mn":"ADBE Vector Filter - Merge","nm":"Merge Paths 1","mm":4},{"ty":"fl","bm":0,"hd":false,"mn":"ADBE Vector Graphic - Fill","nm":"Fill 1","c":{"a":0,"k":[0.502,0.502,0.502],"ix":4},"r":1,"o":{"a":0,"k":100,"ix":5}},{"ty":"tr","a":{"a":0,"k":[0,0],"ix":1},"s":{"a":0,"k":[100,100],"ix":3},"sk":{"a":0,"k":0,"ix":4},"p":{"a":0,"k":[206.506,590.572],"ix":2},"r":{"a":0,"k":0,"ix":6},"sa":{"a":0,"k":0,"ix":5},"o":{"a":0,"k":100,"ix":7}}]},{"ty":"gr","bm":0,"hd":false,"mn":"ADBE Vector Group","nm":"Group 4","ix":3,"cix":2,"np":2,"it":[{"ty":"sh","bm":0,"hd":false,"mn":"ADBE Vector Shape - Group","nm":"Path 1","ix":1,"d":1,"ks":{"a":0,"k":{"c":true,"i":[[0,0],[0,0],[0.214,-15.818],[-39.516,-0.535],[-0.535,39.515],[0.823,4.506]],"o":[[0,0],[-8.852,11.727],[-0.535,39.515],[39.515,0.535],[0.064,-4.753],[0,0]],"v":[[3.957,-14.461],[-56.913,-57.572],[-71.313,-15.48],[-0.732,57.037],[71.785,-13.543],[70.62,-27.451]]},"ix":2}},{"ty":"fl","bm":0,"hd":false,"mn":"ADBE Vector Graphic - Fill","nm":"Fill 1","c":{"a":0,"k":[0.9255,0.9255,0.9255],"ix":4},"r":1,"o":{"a":0,"k":100,"ix":5}},{"ty":"tr","a":{"a":0,"k":[0,0],"ix":1},"s":{"a":0,"k":[100,100],"ix":3},"sk":{"a":0,"k":0,"ix":4},"p":{"a":0,"k":[228.342,640.861],"ix":2},"r":{"a":0,"k":0,"ix":6},"sa":{"a":0,"k":0,"ix":5},"o":{"a":0,"k":100,"ix":7}}]},{"ty":"gr","bm":0,"hd":false,"mn":"ADBE Vector Group","nm":"Group 3","ix":4,"cix":2,"np":3,"it":[{"ty":"sh","bm":0,"hd":false,"mn":"ADBE Vector Shape - Group","nm":"Path 1","ix":1,"d":1,"ks":{"a":0,"k":{"c":true,"i":[[0,0],[11.432,10.354],[0,0]],"o":[[-2.881,-15.77],[0,0],[0,0]],"v":[[33.332,13.561],[10.96,-26.551],[-33.332,26.55]]},"ix":2}},{"ty":"fl","bm":0,"hd":false,"mn":"ADBE Vector Graphic - Fill","nm":"Fill 1","c":{"a":0,"k":[0.102,0.102,0.102],"ix":4},"r":1,"o":{"a":0,"k":100,"ix":5}},{"ty":"tr","a":{"a":0,"k":[0,0],"ix":1},"s":{"a":0,"k":[100,100],"ix":3},"sk":{"a":0,"k":0,"ix":4},"p":{"a":1,"k":[{"o":{"x":0.555,"y":0},"i":{"x":0.371,"y":1},"s":[265.113,599.761],"t":0,"ti":[0,0],"to":[2.458,-1.917]},{"o":{"x":0.333,"y":0},"i":{"x":0.667,"y":1},"s":[279.863,588.261],"t":30,"ti":[2.458,-1.917],"to":[0,0]},{"o":{"x":0.167,"y":0.167},"i":{"x":0.833,"y":0.833},"s":[265.113,599.761],"t":60,"ti":[0,0],"to":[0,0]},{"o":{"x":0.555,"y":0},"i":{"x":0.371,"y":1},"s":[265.113,599.761],"t":119,"ti":[0,0],"to":[2.458,-1.917]},{"o":{"x":0.333,"y":0},"i":{"x":0.667,"y":1},"s":[279.863,588.261],"t":149,"ti":[2.458,-1.917],"to":[0,0]},{"s":[265.113,599.761],"t":179}],"ix":2},"r":{"a":0,"k":0,"ix":6},"sa":{"a":0,"k":0,"ix":5},"o":{"a":0,"k":100,"ix":7}}]},{"ty":"gr","bm":0,"hd":false,"mn":"ADBE Vector Group","nm":"Group 5","ix":5,"cix":2,"np":2,"it":[{"ty":"sh","bm":0,"hd":false,"mn":"ADBE Vector Shape - Group","nm":"Path 1","ix":1,"d":1,"ks":{"a":0,"k":{"c":true,"i":[[0,0],[12.727,2.629],[0,0]],"o":[[-9.261,-8.388],[0,0],[0,0]],"v":[[22.146,-18.043],[-11.315,-35.06],[-22.146,35.06]]},"ix":2}},{"ty":"fl","bm":0,"hd":false,"mn":"ADBE Vector Graphic - Fill","nm":"Fill 1","c":{"a":0,"k":[0.8196,0.2,0.2902],"ix":4},"r":1,"o":{"a":0,"k":100,"ix":5}},{"ty":"tr","a":{"a":0,"k":[0,0],"ix":1},"s":{"a":0,"k":[100,100],"ix":3},"sk":{"a":0,"k":0,"ix":4},"p":{"a":1,"k":[{"o":{"x":0.555,"y":0},"i":{"x":0.371,"y":1},"s":[253.785,591.271],"t":0,"ti":[0,0],"to":[2.167,-4.542]},{"o":{"x":0.333,"y":0},"i":{"x":0.667,"y":1},"s":[266.785,564.021],"t":30,"ti":[2.167,-4.542],"to":[0,0]},{"o":{"x":0.167,"y":0.167},"i":{"x":0.833,"y":0.833},"s":[253.785,591.271],"t":60,"ti":[0,0],"to":[0,0]},{"o":{"x":0.555,"y":0},"i":{"x":0.371,"y":1},"s":[253.785,591.271],"t":119,"ti":[0,0],"to":[2.167,-4.542]},{"o":{"x":0.333,"y":0},"i":{"x":0.667,"y":1},"s":[266.785,564.021],"t":149,"ti":[2.167,-4.542],"to":[0,0]},{"s":[253.785,591.271],"t":179}],"ix":2},"r":{"a":0,"k":0,"ix":6},"sa":{"a":0,"k":0,"ix":5},"o":{"a":0,"k":100,"ix":7}}]}],"ind":1},{"ty":4,"nm":"book","sr":1,"st":0,"op":180,"ip":0,"hd":false,"ddd":0,"bm":0,"hasMask":false,"ao":0,"ks":{"a":{"a":0,"k":[894.697,707.616,0],"ix":1},"s":{"a":0,"k":[100,100,100],"ix":6},"sk":{"a":0,"k":0},"p":{"a":1,"k":[{"o":{"x":0.333,"y":0},"i":{"x":0.667,"y":1},"s":[894.697,707.616,0],"t":0,"ti":[0,0,0],"to":[0,6.667,0]},{"o":{"x":0.333,"y":0},"i":{"x":0.667,"y":1},"s":[894.697,747.616,0],"t":90,"ti":[0,6.667,0],"to":[0,0,0]},{"s":[894.697,707.616,0],"t":179}],"ix":2},"r":{"a":0,"k":0,"ix":10},"sa":{"a":0,"k":0},"o":{"a":0,"k":100,"ix":11}},"ef":[],"shapes":[{"ty":"gr","bm":0,"hd":false,"mn":"ADBE Vector Group","nm":"Group 1","ix":1,"cix":2,"np":2,"it":[{"ty":"sh","bm":0,"hd":false,"mn":"ADBE Vector Shape - Group","nm":"Path 1","ix":1,"d":1,"ks":{"a":0,"k":{"c":true,"i":[[0,0],[0,0],[0,0],[0,0]],"o":[[0,0],[0,0],[0,0],[0,0]],"v":[[60.461,2.082],[-60.461,2.082],[-60.461,-2.082],[60.461,-2.082]]},"ix":2}},{"ty":"fl","bm":0,"hd":false,"mn":"ADBE Vector Graphic - Fill","nm":"Fill 1","c":{"a":0,"k":[0.6902,0.502,0.6902],"ix":4},"r":1,"o":{"a":0,"k":100,"ix":5}},{"ty":"tr","a":{"a":0,"k":[0,0],"ix":1},"s":{"a":0,"k":[100,100],"ix":3},"sk":{"a":0,"k":0,"ix":4},"p":{"a":0,"k":[894.697,767.658],"ix":2},"r":{"a":0,"k":0,"ix":6},"sa":{"a":0,"k":0,"ix":5},"o":{"a":0,"k":100,"ix":7}}]},{"ty":"gr","bm":0,"hd":false,"mn":"ADBE Vector Group","nm":"Group 2","ix":2,"cix":2,"np":2,"it":[{"ty":"sh","bm":0,"hd":false,"mn":"ADBE Vector Shape - Group","nm":"Path 1","ix":1,"d":1,"ks":{"a":0,"k":{"c":true,"i":[[0,0],[0,0],[0,0],[0,0]],"o":[[0,0],[0,0],[0,0],[0,0]],"v":[[60.461,2.083],[-60.461,2.083],[-60.461,-2.083],[60.461,-2.083]]},"ix":2}},{"ty":"fl","bm":0,"hd":false,"mn":"ADBE Vector Graphic - Fill","nm":"Fill 1","c":{"a":0,"k":[0.6902,0.502,0.6902],"ix":4},"r":1,"o":{"a":0,"k":100,"ix":5}},{"ty":"tr","a":{"a":0,"k":[0,0],"ix":1},"s":{"a":0,"k":[100,100],"ix":3},"sk":{"a":0,"k":0,"ix":4},"p":{"a":0,"k":[894.697,744.63],"ix":2},"r":{"a":0,"k":0,"ix":6},"sa":{"a":0,"k":0,"ix":5},"o":{"a":0,"k":100,"ix":7}}]},{"ty":"gr","bm":0,"hd":false,"mn":"ADBE Vector Group","nm":"Group 3","ix":3,"cix":2,"np":2,"it":[{"ty":"sh","bm":0,"hd":false,"mn":"ADBE Vector Shape - Group","nm":"Path 1","ix":1,"d":1,"ks":{"a":0,"k":{"c":true,"i":[[0,0],[0,0],[0,0],[0,0]],"o":[[0,0],[0,0],[0,0],[0,0]],"v":[[60.461,2.083],[-60.461,2.083],[-60.461,-2.082],[60.461,-2.082]]},"ix":2}},{"ty":"fl","bm":0,"hd":false,"mn":"ADBE Vector Graphic - Fill","nm":"Fill 1","c":{"a":0,"k":[0.6902,0.502,0.6902],"ix":4},"r":1,"o":{"a":0,"k":100,"ix":5}},{"ty":"tr","a":{"a":0,"k":[0,0],"ix":1},"s":{"a":0,"k":[100,100],"ix":3},"sk":{"a":0,"k":0,"ix":4},"p":{"a":0,"k":[894.697,721.601],"ix":2},"r":{"a":0,"k":0,"ix":6},"sa":{"a":0,"k":0,"ix":5},"o":{"a":0,"k":100,"ix":7}}]},{"ty":"gr","bm":0,"hd":false,"mn":"ADBE Vector Group","nm":"Group 4","ix":4,"cix":2,"np":2,"it":[{"ty":"sh","bm":0,"hd":false,"mn":"ADBE Vector Shape - Group","nm":"Path 1","ix":1,"d":1,"ks":{"a":0,"k":{"c":true,"i":[[0,0],[0,0],[0,0],[0,0]],"o":[[0,0],[0,0],[0,0],[0,0]],"v":[[60.461,2.082],[-60.461,2.082],[-60.461,-2.082],[60.461,-2.082]]},"ix":2}},{"ty":"fl","bm":0,"hd":false,"mn":"ADBE Vector Graphic - Fill","nm":"Fill 1","c":{"a":0,"k":[0.6902,0.502,0.6902],"ix":4},"r":1,"o":{"a":0,"k":100,"ix":5}},{"ty":"tr","a":{"a":0,"k":[0,0],"ix":1},"s":{"a":0,"k":[100,100],"ix":3},"sk":{"a":0,"k":0,"ix":4},"p":{"a":0,"k":[894.697,698.572],"ix":2},"r":{"a":0,"k":0,"ix":6},"sa":{"a":0,"k":0,"ix":5},"o":{"a":0,"k":100,"ix":7}}]},{"ty":"gr","bm":0,"hd":false,"mn":"ADBE Vector Group","nm":"Group 5","ix":5,"cix":2,"np":2,"it":[{"ty":"sh","bm":0,"hd":false,"mn":"ADBE Vector Shape - Group","nm":"Path 1","ix":1,"d":1,"ks":{"a":0,"k":{"c":true,"i":[[0,0],[0,0],[0,0],[0,0]],"o":[[0,0],[0,0],[0,0],[0,0]],"v":[[42.382,2.083],[-42.382,2.083],[-42.382,-2.082],[42.382,-2.082]]},"ix":2}},{"ty":"fl","bm":0,"hd":false,"mn":"ADBE Vector Graphic - Fill","nm":"Fill 1","c":{"a":0,"k":[0.6902,0.502,0.6902],"ix":4},"r":1,"o":{"a":0,"k":100,"ix":5}},{"ty":"tr","a":{"a":0,"k":[0,0],"ix":1},"s":{"a":0,"k":[100,100],"ix":3},"sk":{"a":0,"k":0,"ix":4},"p":{"a":0,"k":[912.776,675.543],"ix":2},"r":{"a":0,"k":0,"ix":6},"sa":{"a":0,"k":0,"ix":5},"o":{"a":0,"k":100,"ix":7}}]},{"ty":"gr","bm":0,"hd":false,"mn":"ADBE Vector Group","nm":"Group 6","ix":6,"cix":2,"np":2,"it":[{"ty":"sh","bm":0,"hd":false,"mn":"ADBE Vector Shape - Group","nm":"Path 1","ix":1,"d":1,"ks":{"a":0,"k":{"c":true,"i":[[0,0],[0,0],[0,0],[0,0]],"o":[[0,0],[0,0],[0,0],[0,0]],"v":[[42.382,2.083],[-42.382,2.083],[-42.382,-2.082],[42.382,-2.082]]},"ix":2}},{"ty":"fl","bm":0,"hd":false,"mn":"ADBE Vector Graphic - Fill","nm":"Fill 1","c":{"a":0,"k":[0.6902,0.502,0.6902],"ix":4},"r":1,"o":{"a":0,"k":100,"ix":5}},{"ty":"tr","a":{"a":0,"k":[0,0],"ix":1},"s":{"a":0,"k":[100,100],"ix":3},"sk":{"a":0,"k":0,"ix":4},"p":{"a":0,"k":[912.776,652.516],"ix":2},"r":{"a":0,"k":0,"ix":6},"sa":{"a":0,"k":0,"ix":5},"o":{"a":0,"k":100,"ix":7}}]},{"ty":"gr","bm":0,"hd":false,"mn":"ADBE Vector Group","nm":"Group 7","ix":7,"cix":2,"np":4,"it":[{"ty":"sh","bm":0,"hd":false,"mn":"ADBE Vector Shape - Group","nm":"Path 1","ix":1,"d":1,"ks":{"a":0,"k":{"c":true,"i":[[0,0],[0,0],[0.527,2.058],[0,0],[0.686,-2.163],[0,0]],"o":[[0,0],[-0.791,-2.322],[0,0],[-0.527,2.111],[0,0],[0,0]],"v":[[5.224,3.007],[1.741,-7.228],[-0.106,-13.718],[-0.212,-13.718],[-2.005,-7.281],[-5.488,3.007]]},"ix":2}},{"ty":"sh","bm":0,"hd":false,"mn":"ADBE Vector Shape - Group","nm":"Path 2","ix":2,"d":1,"ks":{"a":0,"k":{"c":true,"i":[[0,0],[0,0],[0,0],[0,0],[0,0],[0,0],[0,0],[0,0]],"o":[[0,0],[0,0],[0,0],[0,0],[0,0],[0,0],[0,0],[0,0]],"v":[[-6.437,6.595],[-10.13,17.78],[-14.879,17.78],[-2.797,-17.781],[2.743,-17.781],[14.878,17.78],[9.971,17.78],[6.172,6.595]]},"ix":2}},{"ty":"mm","bm":0,"hd":false,"mn":"ADBE Vector Filter - Merge","nm":"Merge Paths 1","mm":1},{"ty":"fl","bm":0,"hd":false,"mn":"ADBE Vector Graphic - Fill","nm":"Fill 1","c":{"a":0,"k":[0.8588,0.4039,0.4039],"ix":4},"r":1,"o":{"a":0,"k":100,"ix":5}},{"ty":"tr","a":{"a":0,"k":[0,0],"ix":1},"s":{"a":0,"k":[100,100],"ix":3},"sk":{"a":0,"k":0,"ix":4},"p":{"a":0,"k":[849.114,663.273],"ix":2},"r":{"a":0,"k":0,"ix":6},"sa":{"a":0,"k":0,"ix":5},"o":{"a":0,"k":100,"ix":7}}]}],"ind":2},{"ty":4,"nm":"clock","sr":1,"st":0,"op":180,"ip":0,"hd":false,"ddd":0,"bm":0,"hasMask":false,"ao":0,"ks":{"a":{"a":0,"k":[364.358,339.28,0],"ix":1},"s":{"a":0,"k":[100,100,100],"ix":6},"sk":{"a":0,"k":0},"p":{"a":0,"k":[364.358,339.28,0],"ix":2},"r":{"a":0,"k":0,"ix":10},"sa":{"a":0,"k":0},"o":{"a":0,"k":100,"ix":11}},"ef":[],"shapes":[{"ty":"gr","bm":0,"hd":false,"mn":"ADBE Vector Group","nm":"Group 1","ix":1,"cix":2,"np":2,"it":[{"ty":"sh","bm":0,"hd":false,"mn":"ADBE Vector Shape - Group","nm":"Path 1","ix":1,"d":1,"ks":{"a":0,"k":{"c":true,"i":[[0,0],[0,0],[0.427,0.16],[0.139,0],[0,-0.623],[0,0]],"o":[[0,0],[0,-0.484],[-0.123,-0.046],[-0.623,0],[0,0],[0,0.334]],"v":[[1.127,16.629],[1.129,-8.237],[0.398,-9.293],[0.002,-9.365],[-1.125,-8.237],[-1.127,17.155]]},"ix":2}},{"ty":"fl","bm":0,"hd":false,"mn":"ADBE Vector Graphic - Fill","nm":"Fill 1","c":{"a":0,"k":[0.102,0.102,0.102],"ix":4},"r":1,"o":{"a":0,"k":100,"ix":5}},{"ty":"tr","a":{"a":0,"k":[0,17.125],"ix":1},"s":{"a":0,"k":[100,100],"ix":3},"sk":{"a":0,"k":0,"ix":4},"p":{"a":0,"k":[364.359,340.157],"ix":2},"r":{"a":0,"k":0,"ix":6},"sa":{"a":0,"k":0,"ix":5},"o":{"a":0,"k":100,"ix":7}}]},{"ty":"gr","bm":0,"hd":false,"mn":"ADBE Vector Group","nm":"Group 2","ix":2,"cix":2,"np":2,"it":[{"ty":"sh","bm":0,"hd":false,"mn":"ADBE Vector Shape - Group","nm":"Path 1","ix":1,"d":1,"ks":{"a":0,"k":{"c":true,"i":[[0.477,0.4],[0,0],[0,0],[-0.256,-0.215],[0,0],[-0.4,0.477]],"o":[[0,0],[0,0],[0,0.335],[0,0],[0.477,0.399],[0.401,-0.477]],"v":[[13.41,9.465],[-11.695,-11.592],[-13.949,-11.066],[-13.547,-10.202],[11.961,11.193],[13.548,11.053]]},"ix":2}},{"ty":"fl","bm":0,"hd":false,"mn":"ADBE Vector Graphic - Fill","nm":"Fill 1","c":{"a":0,"k":[0.102,0.102,0.102],"ix":4},"r":1,"o":{"a":0,"k":100,"ix":5}},{"ty":"tr","a":{"a":0,"k":[-12.875,-11.5],"ix":1},"s":{"a":0,"k":[100,100],"ix":3},"sk":{"a":0,"k":0,"ix":4},"p":{"a":0,"k":[364.306,339.753],"ix":2},"r":{"a":1,"k":[{"o":{"x":0.167,"y":0.167},"i":{"x":0.833,"y":0.833},"s":[0],"t":0},{"s":[360],"t":179}],"ix":6},"sa":{"a":0,"k":0,"ix":5},"o":{"a":0,"k":100,"ix":7}}]},{"ty":"gr","bm":0,"hd":false,"mn":"ADBE Vector Group","nm":"Group 3","ix":3,"cix":2,"np":2,"it":[{"ty":"sh","bm":0,"hd":false,"mn":"ADBE Vector Shape - Group","nm":"Path 1","ix":1,"d":1,"ks":{"a":0,"k":{"c":true,"i":[[0,-29.687],[29.685,0],[0,29.687],[-29.684,0]],"o":[[0,29.687],[-29.684,0],[0,-29.687],[29.685,0]],"v":[[53.748,0],[0,53.753],[-53.748,0],[0,-53.753]]},"ix":2}},{"ty":"fl","bm":0,"hd":false,"mn":"ADBE Vector Graphic - Fill","nm":"Fill 1","c":{"a":0,"k":[1,0.8706,0.4392],"ix":4},"r":1,"o":{"a":0,"k":100,"ix":5}},{"ty":"tr","a":{"a":0,"k":[0,0],"ix":1},"s":{"a":0,"k":[100,100],"ix":3},"sk":{"a":0,"k":0,"ix":4},"p":{"a":0,"k":[364.358,339.28],"ix":2},"r":{"a":0,"k":0,"ix":6},"sa":{"a":0,"k":0,"ix":5},"o":{"a":0,"k":100,"ix":7}}]},{"ty":"gr","bm":0,"hd":false,"mn":"ADBE Vector Group","nm":"Group 4","ix":4,"cix":2,"np":2,"it":[{"ty":"sh","bm":0,"hd":false,"mn":"ADBE Vector Shape - Group","nm":"Path 1","ix":1,"d":1,"ks":{"a":0,"k":{"c":true,"i":[[0,-36.03],[36.026,0],[0,36.029],[-36.026,0]],"o":[[0,36.029],[-36.026,0],[0,-36.03],[36.026,0]],"v":[[65.231,0],[0,65.237],[-65.231,0],[0,-65.237]]},"ix":2}},{"ty":"fl","bm":0,"hd":false,"mn":"ADBE Vector Graphic - Fill","nm":"Fill 1","c":{"a":0,"k":[1,0.8824,0],"ix":4},"r":1,"o":{"a":0,"k":100,"ix":5}},{"ty":"tr","a":{"a":0,"k":[0,0],"ix":1},"s":{"a":0,"k":[100,100],"ix":3},"sk":{"a":0,"k":0,"ix":4},"p":{"a":0,"k":[364.358,339.28],"ix":2},"r":{"a":0,"k":0,"ix":6},"sa":{"a":0,"k":0,"ix":5},"o":{"a":0,"k":100,"ix":7}}]}],"ind":3},{"ty":4,"nm":"shape1","sr":1,"st":0,"op":180,"ip":0,"hd":false,"ddd":0,"bm":0,"hasMask":false,"ao":0,"ks":{"a":{"a":0,"k":[600,600,0],"ix":1},"s":{"a":0,"k":[100,100,100],"ix":6},"sk":{"a":0,"k":0},"p":{"a":0,"k":[600,600,0],"ix":2},"r":{"a":0,"k":0,"ix":10},"sa":{"a":0,"k":0},"o":{"a":0,"k":100,"ix":11}},"ef":[],"shapes":[{"ty":"gr","bm":0,"hd":false,"mn":"ADBE Vector Group","nm":"Group 1","ix":1,"cix":2,"np":2,"it":[{"ty":"sh","bm":0,"hd":false,"mn":"ADBE Vector Shape - Group","nm":"Path 1","ix":1,"d":1,"ks":{"a":0,"k":{"c":true,"i":[[0,-25.365],[25.366,0],[0,25.365],[-25.365,0]],"o":[[0,25.365],[-25.365,0],[0,-25.365],[25.366,0]],"v":[[45.927,0],[-0.001,45.928],[-45.928,0],[-0.001,-45.928]]},"ix":2}},{"ty":"gf","bm":0,"hd":false,"mn":"ADBE Vector Graphic - G-Fill","nm":"Gradient Fill 1","e":{"a":0,"k":[100,0],"ix":6},"g":{"p":3,"k":{"a":0,"k":[0,0.3215686274509804,0.9058823529411765,0.9686274509803922,0.5,0,0.7647058823529411,0.996078431372549,1,0.40784313725490196,0.6980392156862745,0.9882352941176471],"ix":9}},"t":1,"a":{"a":0,"k":0},"h":{"a":0,"k":0},"s":{"a":0,"k":[-62,0],"ix":5},"r":1,"o":{"a":0,"k":100,"ix":10}},{"ty":"tr","a":{"a":0,"k":[0,0],"ix":1},"s":{"a":0,"k":[100,100],"ix":3},"sk":{"a":0,"k":0,"ix":4},"p":{"a":0,"k":[715.126,235.119],"ix":2},"r":{"a":0,"k":0,"ix":6},"sa":{"a":0,"k":0,"ix":5},"o":{"a":0,"k":100,"ix":7}}]},{"ty":"gr","bm":0,"hd":false,"mn":"ADBE Vector Group","nm":"Group 2","ix":2,"cix":2,"np":2,"it":[{"ty":"sh","bm":0,"hd":false,"mn":"ADBE Vector Shape - Group","nm":"Path 1","ix":1,"d":1,"ks":{"a":0,"k":{"c":true,"i":[[0,-9.253],[9.253,0],[0,9.252],[-9.253,0]],"o":[[0,9.252],[-9.253,0],[0,-9.253],[9.253,0]],"v":[[16.754,0],[0.001,16.754],[-16.753,0],[0.001,-16.753]]},"ix":2}},{"ty":"gf","bm":0,"hd":false,"mn":"ADBE Vector Graphic - G-Fill","nm":"Gradient Fill 1","e":{"a":0,"k":[100,0],"ix":6},"g":{"p":3,"k":{"a":0,"k":[0,0.3215686274509804,0.9058823529411765,0.9686274509803922,0.5,0,0.7647058823529411,0.996078431372549,1,0.40784313725490196,0.6980392156862745,0.9882352941176471],"ix":9}},"t":1,"a":{"a":0,"k":0},"h":{"a":0,"k":0},"s":{"a":0,"k":[-40,0],"ix":5},"r":1,"o":{"a":0,"k":100,"ix":10}},{"ty":"tr","a":{"a":0,"k":[0,0],"ix":1},"s":{"a":0,"k":[100,100],"ix":3},"sk":{"a":0,"k":0,"ix":4},"p":{"a":0,"k":[234.952,761.13],"ix":2},"r":{"a":0,"k":0,"ix":6},"sa":{"a":0,"k":0,"ix":5},"o":{"a":0,"k":100,"ix":7}}]},{"ty":"gr","bm":0,"hd":false,"mn":"ADBE Vector Group","nm":"Group 3","ix":3,"cix":2,"np":2,"it":[{"ty":"sh","bm":0,"hd":false,"mn":"ADBE Vector Shape - Group","nm":"Path 1","ix":1,"d":1,"ks":{"a":0,"k":{"c":true,"i":[[0,-17.828],[17.827,0],[0,17.827],[-17.828,0]],"o":[[0,17.827],[-17.828,0],[0,-17.828],[17.827,0]],"v":[[32.28,0],[0.001,32.279],[-32.28,0],[0.001,-32.279]]},"ix":2}},{"ty":"gf","bm":0,"hd":false,"mn":"ADBE Vector Graphic - G-Fill","nm":"Gradient Fill 1","e":{"a":0,"k":[52,0],"ix":6},"g":{"p":3,"k":{"a":0,"k":[0,0.3215686274509804,0.9058823529411765,0.9686274509803922,0.5,0,0.7647058823529411,0.996078431372549,1,0.40784313725490196,0.6980392156862745,0.9882352941176471],"ix":9}},"t":1,"a":{"a":0,"k":0},"h":{"a":0,"k":0},"s":{"a":0,"k":[-39,0],"ix":5},"r":1,"o":{"a":0,"k":100,"ix":10}},{"ty":"tr","a":{"a":0,"k":[0,0],"ix":1},"s":{"a":0,"k":[100,100],"ix":3},"sk":{"a":0,"k":0,"ix":4},"p":{"a":0,"k":[925.24,801.498],"ix":2},"r":{"a":0,"k":0,"ix":6},"sa":{"a":0,"k":0,"ix":5},"o":{"a":0,"k":100,"ix":7}}]},{"ty":"gr","bm":0,"hd":false,"mn":"ADBE Vector Group","nm":"Group 4","ix":4,"cix":2,"np":2,"it":[{"ty":"sh","bm":0,"hd":false,"mn":"ADBE Vector Shape - Group","nm":"Path 1","ix":1,"d":1,"ks":{"a":0,"k":{"c":true,"i":[[0,-6.893],[6.891,0],[0,6.892],[-6.89,0]],"o":[[0,6.892],[-6.89,0],[0,-6.893],[6.891,0]],"v":[[12.477,0],[-0.001,12.479],[-12.477,0],[-0.001,-12.479]]},"ix":2}},{"ty":"gf","bm":0,"hd":false,"mn":"ADBE Vector Graphic - G-Fill","nm":"Gradient Fill 1","e":{"a":0,"k":[100,0],"ix":6},"g":{"p":3,"k":{"a":0,"k":[0,0.3215686274509804,0.9058823529411765,0.9686274509803922,0.5,0.23529411764705882,0.48627450980392156,0.8784313725490196,1,0.14901960784313725,0.33725490196078434,0.788235294117647],"ix":9}},"t":1,"a":{"a":0,"k":0},"h":{"a":0,"k":0},"s":{"a":0,"k":[-18.5,0],"ix":5},"r":1,"o":{"a":0,"k":100,"ix":10}},{"ty":"tr","a":{"a":0,"k":[0,0],"ix":1},"s":{"a":0,"k":[100,100],"ix":3},"sk":{"a":0,"k":0,"ix":4},"p":{"a":0,"k":[380.107,631.434],"ix":2},"r":{"a":0,"k":0,"ix":6},"sa":{"a":0,"k":0,"ix":5},"o":{"a":0,"k":100,"ix":7}}]},{"ty":"gr","bm":0,"hd":false,"mn":"ADBE Vector Group","nm":"Group 5","ix":5,"cix":2,"np":2,"it":[{"ty":"sh","bm":0,"hd":false,"mn":"ADBE Vector Shape - Group","nm":"Path 1","ix":1,"d":1,"ks":{"a":0,"k":{"c":true,"i":[[0,-10.528],[10.527,0],[0,10.527],[-10.526,0]],"o":[[0,10.527],[-10.526,0],[0,-10.528],[10.527,0]],"v":[[19.06,0],[-0.001,19.062],[-19.06,0],[-0.001,-19.062]]},"ix":2}},{"ty":"gf","bm":0,"hd":false,"mn":"ADBE Vector Graphic - G-Fill","nm":"Gradient Fill 1","e":{"a":0,"k":[26,0],"ix":6},"g":{"p":3,"k":{"a":0,"k":[0,0.3215686274509804,0.9058823529411765,0.9686274509803922,0.5,0.23529411764705882,0.48627450980392156,0.8784313725490196,1,0.14901960784313725,0.33725490196078434,0.788235294117647],"ix":9}},"t":1,"a":{"a":0,"k":0},"h":{"a":0,"k":0},"s":{"a":0,"k":[-21.5,0],"ix":5},"r":1,"o":{"a":0,"k":100,"ix":10}},{"ty":"tr","a":{"a":0,"k":[0,0],"ix":1},"s":{"a":0,"k":[100,100],"ix":3},"sk":{"a":0,"k":0,"ix":4},"p":{"a":0,"k":[425.619,829.955],"ix":2},"r":{"a":0,"k":0,"ix":6},"sa":{"a":0,"k":0,"ix":5},"o":{"a":0,"k":100,"ix":7}}]}],"ind":4},{"ty":4,"nm":"bg1","sr":1,"st":0,"op":180,"ip":0,"hd":false,"ddd":0,"bm":0,"hasMask":false,"ao":0,"ks":{"a":{"a":0,"k":[590.831,982.97,0],"ix":1},"s":{"a":0,"k":[100,100,100],"ix":6},"sk":{"a":0,"k":0},"p":{"a":0,"k":[590.831,982.97,0],"ix":2},"r":{"a":0,"k":0,"ix":10},"sa":{"a":0,"k":0},"o":{"a":0,"k":50,"ix":11}},"ef":[],"shapes":[{"ty":"gr","bm":0,"hd":false,"mn":"ADBE Vector Group","nm":"Group 1","ix":1,"cix":2,"np":2,"it":[{"ty":"sh","bm":0,"hd":false,"mn":"ADBE Vector Shape - Group","nm":"Path 1","ix":1,"d":1,"ks":{"a":0,"k":{"c":true,"i":[[0,-13.72],[71.783,0],[0,13.72],[-71.781,0]],"o":[[0,13.72],[-71.781,0],[0,-13.72],[71.783,0]],"v":[[129.973,0],[0,24.842],[-129.972,0],[0,-24.841]]},"ix":2}},{"ty":"fl","bm":0,"hd":false,"mn":"ADBE Vector Graphic - Fill","nm":"Fill 1","c":{"a":0,"k":[0.0824,0.1647,0.3216],"ix":4},"r":1,"o":{"a":0,"k":100,"ix":5}},{"ty":"tr","a":{"a":0,"k":[0,0],"ix":1},"s":{"a":0,"k":[100,100],"ix":3},"sk":{"a":0,"k":0,"ix":4},"p":{"a":0,"k":[590.831,982.97],"ix":2},"r":{"a":0,"k":0,"ix":6},"sa":{"a":0,"k":0,"ix":5},"o":{"a":0,"k":100,"ix":7}}]}],"ind":5},{"ty":4,"nm":"bg2","sr":1,"st":0,"op":180,"ip":0,"hd":false,"ddd":0,"bm":0,"hasMask":false,"ao":0,"ks":{"a":{"a":0,"k":[536.484,986.872,0],"ix":1},"s":{"a":0,"k":[100,100,100],"ix":6},"sk":{"a":0,"k":0},"p":{"a":0,"k":[536.484,986.872,0],"ix":2},"r":{"a":0,"k":0,"ix":10},"sa":{"a":0,"k":0},"o":{"a":0,"k":100,"ix":11}},"ef":[],"shapes":[{"ty":"gr","bm":0,"hd":false,"mn":"ADBE Vector Group","nm":"Group 1","ix":1,"cix":2,"np":2,"it":[{"ty":"sh","bm":0,"hd":false,"mn":"ADBE Vector Shape - Group","nm":"Path 1","ix":1,"d":1,"ks":{"a":0,"k":{"c":true,"i":[[24.55,4.239],[0,10.057],[196.719,0],[18.526,-28.839],[0,-15.618],[-99.852,0],[-31.958,12.548],[-35.616,0],[-38.85,2.339],[-49.59,0],[0,12.772]],"o":[[28.301,-8.215],[0,-31.637],[-184.214,0],[-49.551,7.928],[0,24.547],[64.66,0],[32.448,1.565],[43.925,0],[17.315,8.535],[64.981,0],[0,-6.928]],"v":[[351.979,18.479],[396.398,-9.244],[40.206,-66.529],[-314.082,-15.2],[-396.398,22.081],[-215.6,66.529],[-62.251,45.636],[40.206,48.042],[165.047,44.423],[274.372,58.988],[392.03,35.861]]},"ix":2}},{"ty":"gf","bm":0,"hd":false,"mn":"ADBE Vector Graphic - G-Fill","nm":"Gradient Fill 1","e":{"a":0,"k":[405,0],"ix":6},"g":{"p":3,"k":{"a":0,"k":[0,0.3215686274509804,0.9058823529411765,0.9686274509803922,0.5,0,0.7647058823529411,0.996078431372549,1,0.40784313725490196,0.6980392156862745,0.9882352941176471],"ix":9}},"t":1,"a":{"a":0,"k":0},"h":{"a":0,"k":0},"s":{"a":0,"k":[-402,0],"ix":5},"r":1,"o":{"a":0,"k":100,"ix":10}},{"ty":"tr","a":{"a":0,"k":[0,0],"ix":1},"s":{"a":0,"k":[100,100],"ix":3},"sk":{"a":0,"k":0,"ix":4},"p":{"a":0,"k":[536.484,986.872],"ix":2},"r":{"a":0,"k":0,"ix":6},"sa":{"a":0,"k":0,"ix":5},"o":{"a":0,"k":100,"ix":7}}]}],"ind":6},{"ty":4,"nm":"tree","sr":1,"st":0,"op":180,"ip":0,"hd":false,"ddd":0,"bm":0,"hasMask":false,"ao":0,"ks":{"a":{"a":0,"k":[600,600,0],"ix":1},"s":{"a":0,"k":[100,100,100],"ix":6},"sk":{"a":0,"k":0},"p":{"a":0,"k":[600,600,0],"ix":2},"r":{"a":0,"k":0,"ix":10},"sa":{"a":0,"k":0},"o":{"a":0,"k":100,"ix":11}},"ef":[],"shapes":[{"ty":"gr","bm":0,"hd":false,"mn":"ADBE Vector Group","nm":"Group 13","ix":1,"cix":2,"np":2,"it":[{"ty":"gr","bm":0,"hd":false,"mn":"ADBE Vector Group","nm":"Group 5","ix":1,"cix":2,"np":3,"it":[{"ty":"gr","bm":0,"hd":false,"mn":"ADBE Vector Group","nm":"Group 1","ix":1,"cix":2,"np":2,"it":[{"ty":"sh","bm":0,"hd":false,"mn":"ADBE Vector Shape - Group","nm":"Path 1","ix":1,"d":1,"ks":{"a":0,"k":{"c":true,"i":[[0.307,0.279],[0.28,-0.308],[6.128,-3.597],[6.542,-1.104],[0.115,-0.168],[-0.039,-0.2],[-3.28,-5.28],[-4.555,-5.086],[-0.309,0.277],[0.276,0.309],[3.213,5.172],[1.128,5.117],[-6.035,3.543],[-5.788,6.364]],"o":[[-0.308,-0.279],[-5.702,6.268],[-6.129,3.597],[-0.201,0.035],[-0.117,0.168],[1.113,5.608],[3.28,5.281],[0.278,0.31],[0.31,-0.277],[-4.522,-5.047],[-3.063,-4.933],[6.451,-1.182],[6.278,-3.685],[0.279,-0.307]],"v":[[19.072,-27.29],[18.01,-27.239],[0.257,-12.484],[-18.748,-5.476],[-19.242,-5.161],[-19.362,-4.588],[-12.544,11.715],[-0.573,27.233],[0.49,27.292],[0.549,26.231],[-11.268,10.922],[-17.727,-4.133],[1.016,-11.187],[19.121,-26.228]]},"ix":2}},{"ty":"fl","bm":0,"hd":false,"mn":"ADBE Vector Graphic - Fill","nm":"Fill 1","c":{"a":0,"k":[1,1,1],"ix":4},"r":1,"o":{"a":0,"k":100,"ix":5}},{"ty":"tr","a":{"a":0,"k":[0,0],"ix":1},"s":{"a":0,"k":[100,100],"ix":3},"sk":{"a":0,"k":0,"ix":4},"p":{"a":0,"k":[1020.885,851.652],"ix":2},"r":{"a":0,"k":0,"ix":6},"sa":{"a":0,"k":0,"ix":5},"o":{"a":0,"k":100,"ix":7}}]},{"ty":"gr","bm":0,"hd":false,"mn":"ADBE Vector Group","nm":"Group 2","ix":2,"cix":2,"np":2,"it":[{"ty":"sh","bm":0,"hd":false,"mn":"ADBE Vector Shape - Group","nm":"Path 1","ix":1,"d":1,"ks":{"a":0,"k":{"c":true,"i":[[0.258,0.173],[2.966,5.218],[1.207,6.604],[0.408,-0.074],[-0.074,-0.408],[-3.067,-5.402],[-4.692,-3.455],[5.676,-3.554],[5.681,-5.652],[-0.293,-0.294],[-0.294,0.293],[-6.08,3.807],[-6.818,0.961],[-0.069,0.304]],"o":[[-5.232,-3.497],[-2.963,-5.218],[-0.074,-0.408],[-0.408,0.075],[1.23,6.728],[2.775,4.887],[-6.378,1.18],[-6.216,3.892],[-0.294,0.293],[0.292,0.295],[5.631,-5.602],[6.082,-3.806],[0.307,-0.043],[0.07,-0.303]],"v":[[19.025,4.102],[6.869,-9.05],[0.734,-26.875],[-0.141,-27.479],[-0.745,-26.605],[5.562,-8.307],[16.677,4.286],[-1.352,11.604],[-19.113,26.194],[-19.115,27.256],[-18.052,27.259],[-0.555,12.877],[18.713,5.471],[19.339,4.894]]},"ix":2}},{"ty":"fl","bm":0,"hd":false,"mn":"ADBE Vector Graphic - Fill","nm":"Fill 1","c":{"a":0,"k":[1,1,1],"ix":4},"r":1,"o":{"a":0,"k":100,"ix":5}},{"ty":"tr","a":{"a":0,"k":[0,0],"ix":1},"s":{"a":0,"k":[100,100],"ix":3},"sk":{"a":0,"k":0,"ix":4},"p":{"a":0,"k":[983.655,842.191],"ix":2},"r":{"a":0,"k":0,"ix":6},"sa":{"a":0,"k":0,"ix":5},"o":{"a":0,"k":100,"ix":7}}]},{"ty":"gr","bm":0,"hd":false,"mn":"ADBE Vector Group","nm":"Group 3","ix":3,"cix":2,"np":2,"it":[{"ty":"sh","bm":0,"hd":false,"mn":"ADBE Vector Shape - Group","nm":"Path 1","ix":1,"d":1,"ks":{"a":0,"k":{"c":true,"i":[[7.271,-4.297],[4.632,7.839],[7.263,-4.294],[4.636,7.833],[-0.025,3.018],[3.748,-2.216],[5.125,5.192],[0.763,1.291],[0.408,1.366],[-3.777,4.007],[4.128,4.185],[0.764,1.291],[0.407,1.366],[-6.124,3.627],[-4.012,-1.27],[1.687,2.852],[-7.265,4.3],[-4.632,-7.838],[-7.262,4.294],[-4.636,-7.833],[0.022,-3.012],[-3.747,2.216],[-5.124,-5.192],[-0.764,-1.291],[-0.409,-1.367],[3.772,-4.012],[-4.128,-4.186],[-0.763,-1.291],[-0.408,-1.368],[6.129,-3.623],[4.011,1.27],[-1.683,-2.849]],"o":[[-7.256,4.298],[4.632,7.839],[-7.265,4.299],[-1.682,-2.849],[-0.812,4.13],[-6.124,3.627],[-0.999,-1.016],[-0.765,-1.291],[-1.679,-5.636],[-5.335,1.375],[-0.999,-1.015],[-0.764,-1.291],[-2.086,-6.993],[3.751,-2.221],[-2.649,-1.427],[-4.636,-7.833],[7.263,-4.294],[-4.632,-7.838],[7.266,-4.299],[1.688,2.852],[0.813,-4.131],[6.131,-3.623],[0.999,1.016],[0.763,1.291],[1.679,5.635],[5.329,-1.38],[0.999,1.015],[0.765,1.291],[2.079,6.989],[-3.751,2.222],[2.655,1.43],[4.635,7.833]],"v":[[40.155,37.874],[18.617,31.467],[13.852,53.435],[-7.696,47.03],[-9.197,33.999],[-17.105,48.089],[-36.174,45.089],[-38.834,41.63],[-40.584,37.63],[-37.187,22],[-52.519,17.448],[-55.179,13.99],[-56.928,9.99],[-50.382,-8.166],[-33.431,-7.402],[-44.918,-15.906],[-40.155,-37.873],[-18.61,-31.464],[-13.852,-53.434],[7.696,-47.029],[10.162,-35.807],[17.105,-48.089],[36.175,-45.089],[38.836,-41.63],[40.585,-37.63],[37.193,-21.996],[52.525,-17.444],[55.185,-13.985],[56.935,-9.985],[50.383,8.165],[36.21,8.158],[44.92,15.906]]},"ix":2}},{"ty":"fl","bm":0,"hd":false,"mn":"ADBE Vector Graphic - Fill","nm":"Fill 1","c":{"a":0,"k":[0.0706,0.4667,0.3333],"ix":4},"r":1,"o":{"a":0,"k":100,"ix":5}},{"ty":"tr","a":{"a":0,"k":[0,0],"ix":1},"s":{"a":0,"k":[100,100],"ix":3},"sk":{"a":0,"k":0,"ix":4},"p":{"a":0,"k":[1002.26,846.917],"ix":2},"r":{"a":0,"k":0,"ix":6},"sa":{"a":0,"k":0,"ix":5},"o":{"a":0,"k":100,"ix":7}}]},{"ty":"tr","a":{"a":0,"k":[1002.262,846.918],"ix":1},"s":{"a":0,"k":[100,100],"ix":3},"sk":{"a":0,"k":0,"ix":4},"p":{"a":0,"k":[1002.262,846.918],"ix":2},"r":{"a":1,"k":[{"o":{"x":0.333,"y":0},"i":{"x":0.667,"y":1},"s":[0],"t":0},{"o":{"x":0.333,"y":0},"i":{"x":0.667,"y":1},"s":[32],"t":90},{"s":[0],"t":179}],"ix":6},"sa":{"a":0,"k":0,"ix":5},"o":{"a":0,"k":100,"ix":7}}]},{"ty":"gr","bm":0,"hd":false,"mn":"ADBE Vector Group","nm":"Group 4","ix":2,"cix":2,"np":2,"it":[{"ty":"sh","bm":0,"hd":false,"mn":"ADBE Vector Shape - Group","nm":"Path 1","ix":1,"d":1,"ks":{"a":0,"k":{"c":true,"i":[[0.273,0.56],[0.56,-0.273],[35.142,-30.032],[14.965,-21.793],[4.715,-28.092],[-0.614,-0.102],[-0.102,0.613],[-14.819,21.584],[-23.902,17.076],[-7.566,4.375],[-2.087,1.105],[-0.544,0.276],[-0.138,0.07],[-0.035,0.017],[0,0]],"o":[[-0.273,-0.559],[-0.054,0.028],[-17.57,15.018],[-14.963,21.791],[-0.103,0.613],[0.615,0.104],[4.65,-27.701],[22.228,-32.374],[11.951,-8.538],[3.785,-2.186],[1.043,-0.553],[0.273,-0.139],[0.069,-0.034],[0.034,-0.017],[0.56,-0.274]],"v":[[75.717,-88.232],[74.209,-88.749],[6.255,-42.666],[-44.448,12.666],[-75.887,87.621],[-74.962,88.918],[-73.664,87.994],[-42.59,13.942],[33.001,-60.698],[63.078,-80.123],[71.985,-85.067],[74.378,-86.311],[74.995,-86.623],[75.15,-86.699],[75.199,-86.724]]},"ix":2}},{"ty":"fl","bm":0,"hd":false,"mn":"ADBE Vector Graphic - Fill","nm":"Fill 1","c":{"a":0,"k":[0.102,0.102,0.102],"ix":4},"r":1,"o":{"a":0,"k":100,"ix":5}},{"ty":"tr","a":{"a":0,"k":[0,0],"ix":1},"s":{"a":0,"k":[100,100],"ix":3},"sk":{"a":0,"k":0,"ix":4},"p":{"a":0,"k":[927.557,934.654],"ix":2},"r":{"a":0,"k":0,"ix":6},"sa":{"a":0,"k":0,"ix":5},"o":{"a":0,"k":100,"ix":7}}]},{"ty":"tr","a":{"a":0,"k":[853.784,1023.537],"ix":1},"s":{"a":0,"k":[100,100],"ix":3},"sk":{"a":0,"k":0,"ix":4},"p":{"a":0,"k":[853.784,1023.537],"ix":2},"r":{"a":1,"k":[{"o":{"x":0.333,"y":0},"i":{"x":0.667,"y":1},"s":[0],"t":0},{"o":{"x":0.333,"y":0},"i":{"x":0.667,"y":1},"s":[13],"t":90},{"s":[0],"t":179}],"ix":6},"sa":{"a":0,"k":0,"ix":5},"o":{"a":0,"k":100,"ix":7}}]},{"ty":"gr","bm":0,"hd":false,"mn":"ADBE Vector Group","nm":"Group 14","ix":2,"cix":2,"np":2,"it":[{"ty":"gr","bm":0,"hd":false,"mn":"ADBE Vector Group","nm":"Group 9","ix":1,"cix":2,"np":3,"it":[{"ty":"gr","bm":0,"hd":false,"mn":"ADBE Vector Group","nm":"Group 5","ix":1,"cix":2,"np":2,"it":[{"ty":"sh","bm":0,"hd":false,"mn":"ADBE Vector Shape - Group","nm":"Path 1","ix":1,"d":1,"ks":{"a":0,"k":{"c":true,"i":[[1.206,6.742],[3.153,5.491],[0.197,0.051],[0.174,-0.107],[14.616,-0.002],[4.171,0.486],[0.047,-0.412],[-0.412,-0.048],[-3.931,0],[-10.704,6.385],[-1.135,-6.342],[0,-7.459],[0.013,-0.968],[-0.415,-0.006],[-0.005,0.415],[0,0.966]],"o":[[-1.206,-6.741],[-0.101,-0.176],[-0.198,-0.05],[-10.598,6.492],[-3.869,0],[-0.413,-0.048],[-0.049,0.412],[4.225,0.492],[14.543,0.001],[2.829,5.139],[1.183,6.618],[0,0.958],[-0.006,0.415],[0.415,0.005],[0.014,-0.974],[0,-7.516]],"v":[[28.202,-3.141],[21.852,-21.614],[21.387,-21.968],[20.807,-21.88],[-16.887,-11.978],[-28.945,-12.703],[-29.779,-12.043],[-29.119,-11.21],[-16.887,-10.475],[20.921,-20.196],[26.723,-2.876],[28.326,18.362],[28.305,21.252],[29.046,22.013],[29.807,21.271],[29.827,18.362]]},"ix":2}},{"ty":"fl","bm":0,"hd":false,"mn":"ADBE Vector Graphic - Fill","nm":"Fill 1","c":{"a":0,"k":[1,1,1],"ix":4},"r":1,"o":{"a":0,"k":100,"ix":5}},{"ty":"tr","a":{"a":0,"k":[0,0],"ix":1},"s":{"a":0,"k":[100,100],"ix":3},"sk":{"a":0,"k":0,"ix":4},"p":{"a":0,"k":[199.27,912.421],"ix":2},"r":{"a":0,"k":0,"ix":6},"sa":{"a":0,"k":0,"ix":5},"o":{"a":0,"k":100,"ix":7}}]},{"ty":"gr","bm":0,"hd":false,"mn":"ADBE Vector Group","nm":"Group 6","ix":2,"cix":2,"np":2,"it":[{"ty":"sh","bm":0,"hd":false,"mn":"ADBE Vector Shape - Group","nm":"Path 1","ix":1,"d":1,"ks":{"a":0,"k":{"c":true,"i":[[0.414,0.027],[3.562,0],[6.692,-1.521],[5.256,-3.151],[0,3.435],[5.971,10.047],[0.356,-0.212],[-0.212,-0.357],[0,-10.215],[1.079,-3.978],[-0.251,-0.183],[-0.26,0.17],[-6.551,1.489],[-7.303,-0.001],[-3.644,-0.241],[-0.027,0.414]],"o":[[-3.671,-0.242],[-7.383,0.001],[-6.076,1.381],[0.802,-3.49],[-0.001,-10.564],[-0.212,-0.356],[-0.357,0.212],[5.879,9.893],[-0.001,3.898],[-0.081,0.3],[0.251,0.182],[5.512,-3.587],[6.55,-1.489],[3.523,-0.001],[0.414,0.027],[0.028,-0.415]],"v":[[29.135,11.247],[18.277,10.865],[-2.911,12.984],[-19.973,19.664],[-18.785,9.276],[-28.359,-21.607],[-29.387,-21.867],[-29.65,-20.837],[-20.288,9.276],[-21.874,21.083],[-21.59,21.888],[-20.738,21.909],[-2.579,14.45],[18.277,12.368],[29.035,12.747],[29.834,12.047]]},"ix":2}},{"ty":"fl","bm":0,"hd":false,"mn":"ADBE Vector Graphic - Fill","nm":"Fill 1","c":{"a":0,"k":[1,1,1],"ix":4},"r":1,"o":{"a":0,"k":100,"ix":5}},{"ty":"tr","a":{"a":0,"k":[0,0],"ix":1},"s":{"a":0,"k":[100,100],"ix":3},"sk":{"a":0,"k":0,"ix":4},"p":{"a":0,"k":[241.618,869.902],"ix":2},"r":{"a":0,"k":0,"ix":6},"sa":{"a":0,"k":0,"ix":5},"o":{"a":0,"k":100,"ix":7}}]},{"ty":"gr","bm":0,"hd":false,"mn":"ADBE Vector Group","nm":"Group 7","ix":3,"cix":2,"np":2,"it":[{"ty":"sh","bm":0,"hd":false,"mn":"ADBE Vector Shape - Group","nm":"Path 1","ix":1,"d":1,"ks":{"a":0,"k":{"c":true,"i":[[-9.817,1.819],[1.96,10.584],[-9.808,1.813],[1.953,10.582],[2.368,2.67],[-5.061,0.937],[-0.534,8.608],[0.323,1.744],[0.698,1.536],[6.479,0.637],[-0.428,6.935],[0.322,1.744],[0.698,1.536],[8.275,-1.526],[2.589,-4.248],[0.711,3.854],[9.816,-1.811],[-1.961,-10.584],[9.808,-1.814],[-1.954,-10.582],[-2.36,-2.667],[5.062,-0.936],[0.534,-8.609],[-0.322,-1.744],[-0.697,-1.534],[-6.477,-0.646],[0.428,-6.937],[-0.322,-1.744],[-0.699,-1.534],[-8.278,1.533],[-2.589,4.248],[-0.713,-3.847]],"o":[[9.806,-1.807],[1.96,10.584],[9.816,-1.813],[-0.714,-3.845],[3.934,3.05],[8.276,-1.525],[0.101,-1.682],[-0.322,-1.743],[-2.881,-6.326],[5.823,-2.918],[0.101,-1.682],[-0.322,-1.744],[-3.574,-7.851],[-5.069,0.933],[1.253,-3.33],[-1.953,-10.582],[-9.808,1.815],[-1.961,-10.584],[-9.815,1.812],[0.712,3.854],[-3.933,-3.05],[-8.277,1.534],[-0.101,1.68],[0.322,1.743],[2.881,6.327],[-5.82,2.91],[-0.101,1.68],[0.322,1.743],[3.575,7.845],[5.068,-0.935],[-1.256,3.337],[1.954,10.582]],"v":[[-6.366,64.942],[7.853,42.501],[29.163,58.378],[43.392,35.93],[34.606,23.151],[52.6,29.565],[67.265,12.079],[66.949,6.929],[65.401,2.005],[50.232,-9.285],[60.36,-25.251],[60.044,-30.401],[58.496,-35.325],[38.559,-46.418],[24.044,-32.571],[27.677,-49.073],[6.366,-64.95],[-7.854,-42.5],[-29.163,-58.385],[-43.391,-35.938],[-36.871,-24.022],[-52.6,-29.573],[-67.265,-12.086],[-66.949,-6.937],[-65.401,-2.014],[-50.234,9.285],[-60.362,25.252],[-60.046,30.401],[-58.497,35.324],[-38.558,46.411],[-25.933,35.394],[-27.677,49.065]]},"ix":2}},{"ty":"fl","bm":0,"hd":false,"mn":"ADBE Vector Graphic - Fill","nm":"Fill 1","c":{"a":0,"k":[0.0706,0.4667,0.3333],"ix":4},"r":1,"o":{"a":0,"k":100,"ix":5}},{"ty":"tr","a":{"a":0,"k":[0,0],"ix":1},"s":{"a":0,"k":[100,100],"ix":3},"sk":{"a":0,"k":0,"ix":4},"p":{"a":0,"k":[220.471,891.184],"ix":2},"r":{"a":0,"k":0,"ix":6},"sa":{"a":0,"k":0,"ix":5},"o":{"a":0,"k":100,"ix":7}}]},{"ty":"tr","a":{"a":0,"k":[220.471,891.181],"ix":1},"s":{"a":0,"k":[100,100],"ix":3},"sk":{"a":0,"k":0,"ix":4},"p":{"a":0,"k":[220.471,891.181],"ix":2},"r":{"a":1,"k":[{"o":{"x":0.333,"y":0},"i":{"x":0.667,"y":1},"s":[0],"t":0},{"o":{"x":0.333,"y":0},"i":{"x":0.667,"y":1},"s":[-29],"t":90},{"s":[0],"t":179}],"ix":6},"sa":{"a":0,"k":0,"ix":5},"o":{"a":0,"k":100,"ix":7}}]},{"ty":"gr","bm":0,"hd":false,"mn":"ADBE Vector Group","nm":"Group 8","ix":2,"cix":2,"np":2,"it":[{"ty":"sh","bm":0,"hd":false,"mn":"ADBE Vector Shape - Group","nm":"Path 1","ix":1,"d":1,"ks":{"a":0,"k":{"c":true,"i":[[0.481,0.396],[29.486,7.861],[26.946,0.001],[0.06,-0.015],[-0.161,-0.602],[-0.602,0.161],[0,0],[-55.397,-0.001],[-29.243,-7.796],[-25.062,-20.583],[-0.395,0.48]],"o":[[-25.362,-20.829],[-29.488,-7.86],[-56.585,0.002],[-0.602,0.161],[0.161,0.6],[0,0],[1.275,-0.34],[26.798,0],[29.245,7.796],[0.481,0.396],[0.395,-0.482]],"v":[[135.497,25.068],[51.544,-16.689],[-34.764,-27.206],[-135.091,-15.475],[-135.888,-14.094],[-134.507,-13.297],[-134.479,-13.305],[-34.764,-24.952],[50.964,-14.51],[134.066,26.81],[135.653,26.655]]},"ix":2}},{"ty":"fl","bm":0,"hd":false,"mn":"ADBE Vector Graphic - Fill","nm":"Fill 1","c":{"a":0,"k":[0.102,0.102,0.102],"ix":4},"r":1,"o":{"a":0,"k":100,"ix":5}},{"ty":"tr","a":{"a":0,"k":[0,0],"ix":1},"s":{"a":0,"k":[100,100],"ix":3},"sk":{"a":0,"k":0,"ix":4},"p":{"a":0,"k":[355.269,905.568],"ix":2},"r":{"a":0,"k":0,"ix":6},"sa":{"a":0,"k":0,"ix":5},"o":{"a":0,"k":100,"ix":7}}]},{"ty":"tr","a":{"a":0,"k":[490.173,932.181],"ix":1},"s":{"a":0,"k":[100,100],"ix":3},"sk":{"a":0,"k":0,"ix":4},"p":{"a":0,"k":[490.173,932.181],"ix":2},"r":{"a":1,"k":[{"o":{"x":0.333,"y":0},"i":{"x":0.667,"y":1},"s":[0],"t":0},{"o":{"x":0.333,"y":0},"i":{"x":0.667,"y":1},"s":[-10],"t":90},{"s":[0],"t":179}],"ix":6},"sa":{"a":0,"k":0,"ix":5},"o":{"a":0,"k":100,"ix":7}}]},{"ty":"gr","bm":0,"hd":false,"mn":"ADBE Vector Group","nm":"Group 15","ix":3,"cix":2,"np":2,"it":[{"ty":"gr","bm":0,"hd":false,"mn":"ADBE Vector Group","nm":"Group 13","ix":1,"cix":2,"np":3,"it":[{"ty":"gr","bm":0,"hd":false,"mn":"ADBE Vector Group","nm":"Group 9","ix":1,"cix":2,"np":2,"it":[{"ty":"sh","bm":0,"hd":false,"mn":"ADBE Vector Shape - Group","nm":"Path 1","ix":1,"d":1,"ks":{"a":0,"k":{"c":true,"i":[[0.109,0.4],[0.401,-0.109],[6.558,0.001],[2.866,0.715],[0,4.683],[3.142,8.162],[0.387,-0.148],[-0.15,-0.388],[0,-7.035],[1.351,-4.395],[-0.098,-0.179],[-0.197,-0.054],[-3.529,0],[-7.411,2.012]],"o":[[-0.108,-0.4],[-7.345,1.995],[-3.148,0],[1.246,-4.309],[0,-7.247],[-0.149,-0.388],[-0.387,0.149],[3.086,8.019],[0,4.813],[-0.06,0.195],[0.098,0.179],[3.24,0.896],[6.769,-0.001],[0.401,-0.109]],"v":[[17.595,15.503],[16.672,14.975],[-4.336,18.352],[-13.368,17.314],[-11.484,3.826],[-16.151,-19.275],[-17.122,-19.707],[-17.553,-18.735],[-12.987,3.826],[-15.03,17.627],[-14.97,18.209],[-14.512,18.572],[-4.336,19.855],[17.066,16.425]]},"ix":2}},{"ty":"fl","bm":0,"hd":false,"mn":"ADBE Vector Graphic - Fill","nm":"Fill 1","c":{"a":0,"k":[0.102,0.102,0.102],"ix":4},"r":1,"o":{"a":0,"k":100,"ix":5}},{"ty":"tr","a":{"a":0,"k":[0,0],"ix":1},"s":{"a":0,"k":[100,100],"ix":3},"sk":{"a":0,"k":0,"ix":4},"p":{"a":0,"k":[338.462,758.73],"ix":2},"r":{"a":0,"k":0,"ix":6},"sa":{"a":0,"k":0,"ix":5},"o":{"a":0,"k":100,"ix":7}}]},{"ty":"gr","bm":0,"hd":false,"mn":"ADBE Vector Group","nm":"Group 10","ix":2,"cix":2,"np":2,"it":[{"ty":"sh","bm":0,"hd":false,"mn":"ADBE Vector Shape - Group","nm":"Path 1","ix":1,"d":1,"ks":{"a":0,"k":{"c":true,"i":[[0.13,0.395],[-0.001,7.577],[-1.368,4.056],[0.239,0.197],[0.271,-0.154],[5.81,-0.002],[4.81,1.408],[0.116,-0.398],[-0.398,-0.117],[-4.691,0],[-5.002,2.501],[0,-3.87],[-2.718,-8.275],[-0.395,0.13]],"o":[[-2.692,-8.19],[0,-4.351],[0.1,-0.294],[-0.241,-0.198],[-5.248,2.977],[-4.515,0],[-0.399,-0.117],[-0.117,0.399],[4.917,1.437],[5.441,0.001],[-1.041,3.684],[0.001,7.818],[0.13,0.394],[0.394,-0.129]],"v":[[17.572,18.174],[13.065,-5.583],[15.029,-18.205],[14.796,-19.024],[13.946,-19.098],[-2.647,-14.822],[-16.653,-17.018],[-17.585,-16.508],[-17.075,-15.575],[-2.647,-13.319],[13.063,-16.93],[11.562,-5.583],[16.144,18.643],[17.093,19.122]]},"ix":2}},{"ty":"fl","bm":0,"hd":false,"mn":"ADBE Vector Graphic - Fill","nm":"Fill 1","c":{"a":0,"k":[0.102,0.102,0.102],"ix":4},"r":1,"o":{"a":0,"k":100,"ix":5}},{"ty":"tr","a":{"a":0,"k":[0,0],"ix":1},"s":{"a":0,"k":[100,100],"ix":3},"sk":{"a":0,"k":0,"ix":4},"p":{"a":0,"k":[309.833,795.023],"ix":2},"r":{"a":0,"k":0,"ix":6},"sa":{"a":0,"k":0,"ix":5},"o":{"a":0,"k":100,"ix":7}}]},{"ty":"gr","bm":0,"hd":false,"mn":"ADBE Vector Group","nm":"Group 11","ix":3,"cix":2,"np":2,"it":[{"ty":"sh","bm":0,"hd":false,"mn":"ADBE Vector Shape - Group","nm":"Path 1","ix":1,"d":1,"ks":{"a":0,"k":{"c":true,"i":[[-0.493,-7.203],[7.765,-0.531],[-0.495,-7.196],[7.763,-0.537],[2.296,1.177],[-0.255,-3.713],[5.933,-1.924],[1.28,-0.089],[1.201,0.212],[1.612,4.423],[4.781,-1.548],[1.279,-0.088],[1.2,0.212],[0.421,6.07],[-2.509,2.578],[2.827,-0.195],[0.498,7.201],[-7.765,0.532],[0.495,7.196],[-7.764,0.536],[-2.293,-1.172],[0.255,3.714],[-5.933,1.924],[-1.279,0.088],[-1.201,-0.213],[-1.618,-4.421],[-4.781,1.548],[-1.28,0.089],[-1.201,-0.213],[-0.416,-6.073],[2.509,-2.578],[-2.821,0.192]],"o":[[0.5,7.193],[7.765,-0.531],[0.498,7.201],[-2.822,0.193],[2.844,2.206],[0.421,6.07],[-1.16,0.374],[-1.279,0.088],[-4.95,-0.879],[-0.996,4.603],[-1.159,0.373],[-1.28,0.089],[-6.143,-1.089],[-0.259,-3.719],[-2.106,1.477],[-7.763,0.537],[-0.495,-7.196],[-7.765,0.532],[-0.498,-7.201],[2.826,-0.196],[-2.844,-2.205],[-0.417,-6.073],[1.16,-0.373],[1.28,-0.089],[4.949,0.878],[0.99,-4.602],[1.16,-0.374],[1.279,-0.088],[6.138,1.093],[0.258,3.718],[2.111,-1.48],[7.764,-0.537]],"v":[[44.341,-16.149],[31.182,-2.151],[46.138,9.917],[32.978,23.923],[22.447,20.07],[30.178,31.518],[20.572,44.937],[16.908,45.643],[13.181,45.445],[2.543,36.853],[-6.818,46.821],[-10.48,47.526],[-14.207,47.328],[-25.566,35.362],[-18.482,22.703],[-29.384,28.217],[-44.34,16.15],[-31.178,2.149],[-46.138,-9.916],[-32.978,-23.921],[-23.46,-21.501],[-30.178,-31.517],[-20.572,-44.936],[-16.909,-45.641],[-13.181,-45.443],[-2.538,-36.854],[6.822,-46.822],[10.486,-47.528],[14.212,-47.33],[25.566,-35.36],[20.124,-24.535],[29.384,-28.216]]},"ix":2}},{"ty":"fl","bm":0,"hd":false,"mn":"ADBE Vector Graphic - Fill","nm":"Fill 1","c":{"a":0,"k":[0.2,0.6196,0.4941],"ix":4},"r":1,"o":{"a":0,"k":100,"ix":5}},{"ty":"tr","a":{"a":0,"k":[0,0],"ix":1},"s":{"a":0,"k":[100,100],"ix":3},"sk":{"a":0,"k":0,"ix":4},"p":{"a":0,"k":[324.15,776.578],"ix":2},"r":{"a":0,"k":0,"ix":6},"sa":{"a":0,"k":0,"ix":5},"o":{"a":0,"k":100,"ix":7}}]},{"ty":"tr","a":{"a":0,"k":[324.15,776.578],"ix":1},"s":{"a":0,"k":[100,100],"ix":3},"sk":{"a":0,"k":0,"ix":4},"p":{"a":0,"k":[324.15,776.578],"ix":2},"r":{"a":1,"k":[{"o":{"x":0.333,"y":0},"i":{"x":0.667,"y":1},"s":[0],"t":0},{"o":{"x":0.333,"y":0},"i":{"x":0.667,"y":1},"s":[-36],"t":90},{"s":[0],"t":179}],"ix":6},"sa":{"a":0,"k":0,"ix":5},"o":{"a":0,"k":100,"ix":7}}]},{"ty":"gr","bm":0,"hd":false,"mn":"ADBE Vector Group","nm":"Group 12","ix":2,"cix":2,"np":2,"it":[{"ty":"sh","bm":0,"hd":false,"mn":"ADBE Vector Shape - Group","nm":"Path 1","ix":1,"d":1,"ks":{"a":0,"k":{"c":true,"i":[[0.502,0.367],[10.419,18.422],[4.08,24.14],[0,2.713],[0,0.061],[-0.001,0.014],[0,0],[0.623,0.007],[0.007,-0.623],[0,-0.249],[-9.548,-36.68],[-10.543,-18.639],[-18.589,-13.601],[-0.368,0.503]],"o":[[-18.28,-13.374],[-15.63,-27.629],[-4.083,-24.14],[0,-0.121],[0,-0.029],[0,0],[0.006,-0.622],[-0.622,-0.006],[0,0.004],[0.001,3.74],[4.776,18.341],[10.541,18.638],[0.503,0.368],[0.367,-0.502]],"v":[[38.053,87.606],[-4.447,38.609],[-32.161,-43.527],[-36.409,-88.29],[-36.408,-88.561],[-36.408,-88.627],[-36.408,-88.648],[-37.523,-89.787],[-38.662,-88.671],[-38.663,-88.29],[-28.818,-17.076],[-6.409,39.719],[36.721,89.425],[38.297,89.181]]},"ix":2}},{"ty":"fl","bm":0,"hd":false,"mn":"ADBE Vector Graphic - Fill","nm":"Fill 1","c":{"a":0,"k":[0.102,0.102,0.102],"ix":4},"r":1,"o":{"a":0,"k":100,"ix":5}},{"ty":"tr","a":{"a":0,"k":[0,0],"ix":1},"s":{"a":0,"k":[100,100],"ix":3},"sk":{"a":0,"k":0,"ix":4},"p":{"a":0,"k":[365.463,869.879],"ix":2},"r":{"a":0,"k":0,"ix":6},"sa":{"a":0,"k":0,"ix":5},"o":{"a":0,"k":100,"ix":7}}]},{"ty":"tr","a":{"a":0,"k":[404.979,963.268],"ix":1},"s":{"a":0,"k":[100,100],"ix":3},"sk":{"a":0,"k":0,"ix":4},"p":{"a":0,"k":[404.979,963.268],"ix":2},"r":{"a":1,"k":[{"o":{"x":0.333,"y":0},"i":{"x":0.667,"y":1},"s":[0],"t":0},{"o":{"x":0.333,"y":0},"i":{"x":0.667,"y":1},"s":[7],"t":90},{"s":[0],"t":179}],"ix":6},"sa":{"a":0,"k":0,"ix":5},"o":{"a":0,"k":100,"ix":7}}]}],"ind":7},{"ty":4,"nm":"#","sr":1,"st":0,"op":180,"ip":0,"hd":false,"ddd":0,"bm":0,"hasMask":false,"ao":0,"ks":{"a":{"a":0,"k":[766.736,828.124,0],"ix":1},"s":{"a":0,"k":[100,100,100],"ix":6},"sk":{"a":0,"k":0},"p":{"a":0,"k":[766.736,828.124,0],"ix":2},"r":{"a":0,"k":0,"ix":10},"sa":{"a":0,"k":0},"o":{"a":0,"k":100,"ix":11}},"ef":[],"shapes":[{"ty":"gr","bm":0,"hd":false,"mn":"ADBE Vector Group","nm":"Group 1","ix":1,"cix":2,"np":4,"it":[{"ty":"sh","bm":0,"hd":false,"mn":"ADBE Vector Shape - Group","nm":"Path 1","ix":1,"d":1,"ks":{"a":0,"k":{"c":true,"i":[[0,0],[0,0],[0,0],[0,0]],"o":[[0,0],[0,0],[0,0],[0,0]],"v":[[3.326,4.605],[4.69,-4.947],[-3.07,-4.947],[-4.434,4.605]]},"ix":2}},{"ty":"sh","bm":0,"hd":false,"mn":"ADBE Vector Shape - Group","nm":"Path 2","ix":2,"d":1,"ks":{"a":0,"k":{"c":true,"i":[[0,0],[0,0],[0,0],[0,0],[0,0],[0,0],[0,0],[0,0],[0,0],[0,0],[0,0],[0,0],[0,0],[0,0],[0,0],[0,0],[0,0],[0,0],[0,0],[0,0],[0,0],[0,0],[0,0],[0,0],[0,0],[0,0],[0,0],[0,0]],"o":[[0,0],[0,0],[0,0],[0,0],[0,0],[0,0],[0,0],[0,0],[0,0],[0,0],[0,0],[0,0],[0,0],[0,0],[0,0],[0,0],[0,0],[0,0],[0,0],[0,0],[0,0],[0,0],[0,0],[0,0],[0,0],[0,0],[0,0],[0,0]],"v":[[-15.606,27.718],[-13.389,12.452],[-20.296,12.452],[-20.296,4.605],[-12.025,4.605],[-10.659,-4.947],[-17.907,-4.947],[-17.907,-12.878],[-9.466,-12.878],[-7.334,-27.718],[0.256,-27.718],[-1.876,-12.878],[5.884,-12.878],[8.102,-27.718],[15.69,-27.718],[13.474,-12.878],[20.297,-12.878],[20.297,-4.947],[12.281,-4.947],[10.916,4.605],[17.994,4.605],[17.994,12.452],[9.637,12.452],[7.505,27.718],[-0.171,27.718],[1.961,12.452],[-5.799,12.452],[-7.931,27.718]]},"ix":2}},{"ty":"mm","bm":0,"hd":false,"mn":"ADBE Vector Filter - Merge","nm":"Merge Paths 1","mm":1},{"ty":"fl","bm":0,"hd":false,"mn":"ADBE Vector Graphic - Fill","nm":"Fill 1","c":{"a":0,"k":[1,1,1],"ix":4},"r":1,"o":{"a":0,"k":100,"ix":5}},{"ty":"tr","a":{"a":0,"k":[0,0],"ix":1},"s":{"a":0,"k":[100,100],"ix":3},"sk":{"a":0,"k":0,"ix":4},"p":{"a":0,"k":[766.736,828.124],"ix":2},"r":{"a":0,"k":0,"ix":6},"sa":{"a":0,"k":0,"ix":5},"o":{"a":0,"k":100,"ix":7}}]}],"ind":8},{"ty":4,"nm":"bg3","sr":1,"st":0,"op":180,"ip":0,"hd":false,"ddd":0,"bm":0,"hasMask":false,"ao":0,"ks":{"a":{"a":0,"k":[540.545,843.849,0],"ix":1},"s":{"a":0,"k":[100,100,100],"ix":6},"sk":{"a":0,"k":0},"p":{"a":0,"k":[540.545,843.849,0],"ix":2},"r":{"a":0,"k":0,"ix":10},"sa":{"a":0,"k":0},"o":{"a":0,"k":100,"ix":11}},"ef":[],"shapes":[{"ty":"gr","bm":0,"hd":false,"mn":"ADBE Vector Group","nm":"Group 1","ix":1,"cix":2,"np":2,"it":[{"ty":"sh","bm":0,"hd":false,"mn":"ADBE Vector Shape - Group","nm":"Path 1","ix":1,"d":1,"ks":{"a":0,"k":{"c":true,"i":[[203.353,-6.933],[-35.041,42.427],[-45.967,-18.105],[-57.238,1.701],[-24.391,-58.659],[-34.087,-31.29],[0.594,-2.774],[-22.307,-11.015],[26.246,-44.41]],"o":[[-49.781,-41.433],[27.888,-33.765],[24.057,-53.139],[62.082,-1.846],[43.534,-46.888],[34.738,31.888],[1.311,-1.007],[22.019,10.872],[-203.352,6.933]],"v":[[-290.232,137.122],[-311.031,-17.703],[-186.246,-45.432],[-53.117,-135.276],[91.054,-40.812],[234.325,-59.297],[257.434,30.824],[312.892,16.959],[319.825,116.326]]},"ix":2}},{"ty":"gf","bm":0,"hd":false,"mn":"ADBE Vector Graphic - G-Fill","nm":"Gradient Fill 1","e":{"a":0,"k":[-2,-239],"ix":6},"g":{"p":3,"k":{"a":0,"k":[0,1,1,1,0.5,0.7058823529411765,0.8470588235294118,0.9921568627450981,1,0.40784313725490196,0.6980392156862745,0.9882352941176471],"ix":9}},"t":1,"a":{"a":0,"k":0},"h":{"a":0,"k":0},"s":{"a":0,"k":[2,137],"ix":5},"r":1,"o":{"a":0,"k":100,"ix":10}},{"ty":"tr","a":{"a":0,"k":[0,0],"ix":1},"s":{"a":0,"k":[100,100],"ix":3},"sk":{"a":0,"k":0,"ix":4},"p":{"a":0,"k":[539.628,842.959],"ix":2},"r":{"a":0,"k":0,"ix":6},"sa":{"a":0,"k":0,"ix":5},"o":{"a":0,"k":100,"ix":7}}]}],"ind":9}]}]}